route_id,horizon,score
857,0-2h,0.4172
857,0-2h,2.3606
857,0-2h,1.6128
857,0-2h,1.7413
857,0-2h,1.3777
857,0-2h,2.1787
857,0-2h,1.4378
857,0-2h,1.3598
857,0-2h,0.8788
857,0-2h,2.532
857,0-2h,4.6567
857,0-2h,3.6134
857,0-2h,1.7123
857,0-2h,1.1701
857,0-2h,1.6462
857,0-2h,1.4912
857,0-2h,1.2079
857,0-2h,1.3947
857,0-2h,1.1597
857,0-2h,0.9798
857,0-2h,1.5951
857,0-2h,2.7826
857,0-2h,0.9504
857,0-2h,0.9989
857,0-2h,1.3972
857,2-4h,3.4971
857,2-4h,3.8457
857,2-4h,2.9658
857,2-4h,5.7129
857,2-4h,3.5749
857,2-4h,2.9748
857,2-4h,1.3388
857,2-4h,1.8312
857,2-4h,1.8145
857,2-4h,2.8158
857,2-4h,3.5884
857,2-4h,1.5213
857,2-4h,4.8342
857,2-4h,2.1893
857,2-4h,3.188
857,2-4h,5.9586
857,2-4h,1.8896
857,2-4h,3.3964
857,2-4h,4.2886
857,2-4h,1.4053
857,2-4h,4.5668
857,2-4h,1.6225
857,2-4h,5.2062
857,2-4h,3.5172
857,2-4h,1.893
857,4-6h,7.203
857,4-6h,6.1281
857,4-6h,2.734
857,4-6h,5.1661
857,4-6h,2.1432
857,4-6h,8.9362
857,4-6h,5.897
857,4-6h,1.1109
857,4-6h,3.7928
857,4-6h,3.6861
857,4-6h,4.1855
857,4-6h,6.6157
857,4-6h,3.6701
857,4-6h,2.2536
857,4-6h,5.9381
857,4-6h,4.6808
857,4-6h,3.7561
857,4-6h,5.5753
857,4-6h,5.8062
857,4-6h,3.8853
857,4-6h,2.5373
857,4-6h,5.7542
857,4-6h,7.7784
857,4-6h,7.3365
857,4-6h,4.29
496,0-2h,1.9536
496,0-2h,0.9608
496,0-2h,1.8946
496,0-2h,2.6316
496,0-2h,2.1955
496,0-2h,1.6658
496,0-2h,2.9852
496,0-2h,1.3795
496,0-2h,1.2578
496,0-2h,1.4511
496,0-2h,1.0769
496,0-2h,1.2123
496,0-2h,2.9396
496,0-2h,2.138
496,0-2h,3.1435
496,0-2h,3.1536
496,0-2h,1.3845
496,0-2h,2.1388
496,0-2h,1.3866
496,0-2h,4.7325
496,0-2h,2.8553
496,0-2h,1.4633
496,0-2h,1.4671
496,0-2h,1.03
496,0-2h,1.4753
496,2-4h,3.5041
496,2-4h,2.619
496,2-4h,2.9747
496,2-4h,4.3551
496,2-4h,4.5888
496,2-4h,2.7981
496,2-4h,2.7466
496,2-4h,4.278
496,2-4h,3.1608
496,2-4h,4.1423
496,2-4h,2.5211
496,2-4h,2.7898
496,2-4h,2.7633
496,2-4h,1.875
496,2-4h,4.1229
496,2-4h,4.4771
496,2-4h,3.2677
496,2-4h,3.3599
496,2-4h,3.607
496,2-4h,2.8439
496,2-4h,3.6173
496,2-4h,2.8598
496,2-4h,4.8792
496,2-4h,2.6571
496,2-4h,2.0717
496,4-6h,3.5101
496,4-6h,6.8716
496,4-6h,7.5518
496,4-6h,9.3353
496,4-6h,6.981
496,4-6h,4.4544
496,4-6h,3.991
496,4-6h,5.9339
496,4-6h,4.0041
496,4-6h,5.0989
496,4-6h,3.9196
496,4-6h,2.7617
496,4-6h,3.8163
496,4-6h,1.9713
496,4-6h,3.1994
496,4-6h,3.255
496,4-6h,6.024
496,4-6h,3.0228
496,4-6h,2.0795
496,4-6h,2.8656
496,4-6h,1.6524
496,4-6h,4.2074
496,4-6h,2.6384
496,4-6h,2.073
496,4-6h,3.7227
226,0-2h,1.1768
226,0-2h,1.9313
226,0-2h,1.8581
226,0-2h,1.3285
226,0-2h,1.1907
226,0-2h,1.9699
226,0-2h,1.6065
226,0-2h,2.8663
226,0-2h,2.9255
226,0-2h,1.9428
226,0-2h,2.452
226,0-2h,1.9823
226,0-2h,1.5262
226,0-2h,2.3302
226,0-2h,1.1733
226,0-2h,1.6453
226,0-2h,1.0063
226,0-2h,2.1578
226,0-2h,2.1015
226,0-2h,2.8938
226,0-2h,2.134
226,0-2h,2.5178
226,0-2h,0.9223
226,0-2h,1.2569
226,0-2h,1.7612
226,2-4h,3.5596
226,2-4h,2.7598
226,2-4h,2.8091
226,2-4h,5.7472
226,2-4h,2.0102
226,2-4h,4.9885
226,2-4h,1.8821
226,2-4h,4.8528
226,2-4h,1.6574
226,2-4h,3.2698
226,2-4h,2.9105
226,2-4h,3.4764
226,2-4h,2.1553
226,2-4h,7.6007
226,2-4h,3.3731
226,2-4h,2.6406
226,2-4h,2.0143
226,2-4h,2.2441
226,2-4h,2.088
226,2-4h,3.5345
226,2-4h,8.834
226,2-4h,3.3361
226,2-4h,3.1438
226,2-4h,3.0593
226,2-4h,4.4586
226,4-6h,7.0919
226,4-6h,4.0615
226,4-6h,4.5987
226,4-6h,3.3345
226,4-6h,6.8014
226,4-6h,5.4781
226,4-6h,4.0935
226,4-6h,11.5364
226,4-6h,3.8863
226,4-6h,7.0582
226,4-6h,2.6708
226,4-6h,3.6905
226,4-6h,6.462
226,4-6h,5.8581
226,4-6h,4.6102
226,4-6h,4.9954
226,4-6h,6.8077
226,4-6h,4.0275
226,4-6h,4.377
226,4-6h,7.6141
226,4-6h,2.8171
226,4-6h,6.3604
226,4-6h,4.9569
226,4-6h,4.3162
226,4-6h,5.3273
33,0-2h,1.5996
33,0-2h,1.1019
33,0-2h,0.7142
33,0-2h,1.8429
33,0-2h,1.6134
33,0-2h,2.4426
33,0-2h,1.7623
33,0-2h,1.1531
33,0-2h,2.77
33,0-2h,1.0247
33,0-2h,1.9611
33,0-2h,1.1198
33,0-2h,3.4436
33,0-2h,1.722
33,0-2h,2.5375
33,0-2h,1.5136
33,0-2h,1.5402
33,0-2h,1.198
33,0-2h,2.0437
33,0-2h,1.2941
33,0-2h,1.6684
33,0-2h,2.2007
33,0-2h,1.8553
33,0-2h,1.8416
33,0-2h,2.2379
33,2-4h,2.4683
33,2-4h,2.5891
33,2-4h,4.5655
33,2-4h,1.4698
33,2-4h,2.2278
33,2-4h,2.3477
33,2-4h,2.4657
33,2-4h,1.398
33,2-4h,2.3228
33,2-4h,3.0683
33,2-4h,2.2842
33,2-4h,3.8729
33,2-4h,1.6354
33,2-4h,3.7579
33,2-4h,2.5033
33,2-4h,2.2106
33,2-4h,2.2878
33,2-4h,7.3891
33,2-4h,2.3384
33,2-4h,3.1523
33,2-4h,2.5335
33,2-4h,2.8843
33,2-4h,5.8068
33,2-4h,5.1619
33,2-4h,2.1938
33,4-6h,2.0728
33,4-6h,4.2989
33,4-6h,2.0625
33,4-6h,3.2334
33,4-6h,6.3304
33,4-6h,5.5379
33,4-6h,5.1758
33,4-6h,1.9737
33,4-6h,5.9035
33,4-6h,3.889
33,4-6h,9.3598
33,4-6h,4.2097
33,4-6h,5.5223
33,4-6h,4.3581
33,4-6h,4.2674
33,4-6h,2.0319
33,4-6h,4.9326
33,4-6h,2.59
33,4-6h,3.6423
33,4-6h,5.5856
33,4-6h,6.9696
33,4-6h,5.5524
33,4-6h,2.7544
33,4-6h,4.0037
33,4-6h,4.9537
599,0-2h,0.9374
599,0-2h,1.2633
599,0-2h,3.9498
599,0-2h,1.8728
599,0-2h,1.5541
599,0-2h,2.1202
599,0-2h,2.271
599,0-2h,1.119
599,0-2h,1.4321
599,0-2h,1.2403
599,0-2h,1.0528
599,0-2h,1.2359
599,0-2h,1.2187
599,0-2h,1.6579
599,0-2h,2.2328
599,0-2h,1.7878
599,0-2h,1.6566
599,0-2h,1.8276
599,0-2h,2.0044
599,0-2h,0.9611
599,0-2h,2.8956
599,0-2h,2.6993
599,0-2h,3.0749
599,0-2h,2.021
599,0-2h,2.2567
599,2-4h,1.4295
599,2-4h,3.7292
599,2-4h,2.2962
599,2-4h,3.729
599,2-4h,3.8284
599,2-4h,3.4929
599,2-4h,4.5429
599,2-4h,3.6279
599,2-4h,3.7746
599,2-4h,2.2058
599,2-4h,5.4716
599,2-4h,3.1202
599,2-4h,5.0866
599,2-4h,2.3143
599,2-4h,2.7932
599,2-4h,1.0756
599,2-4h,3.859
599,2-4h,2.0815
599,2-4h,2.7901
599,2-4h,3.4286
599,2-4h,4.5029
599,2-4h,3.893
599,2-4h,2.9049
599,2-4h,3.1485
599,2-4h,3.8501
599,4-6h,6.355
599,4-6h,3.8798
599,4-6h,4.3496
599,4-6h,10.1805
599,4-6h,3.9421
599,4-6h,1.2183
599,4-6h,3.5758
599,4-6h,7.9722
599,4-6h,6.2449
599,4-6h,4.2629
599,4-6h,13.2754
599,4-6h,2.8716
599,4-6h,7.2701
599,4-6h,4.5749
599,4-6h,4.8665
599,4-6h,4.9611
599,4-6h,8.0179
599,4-6h,3.2521
599,4-6h,5.4454
599,4-6h,1.4887
599,4-6h,6.3883
599,4-6h,9.6789
599,4-6h,4.0542
599,4-6h,9.1673
599,4-6h,6.0957
814,0-2h,5.1663
814,0-2h,1.8645
814,0-2h,2.7371
814,0-2h,2.078
814,0-2h,2.5456
814,0-2h,1.7364
814,0-2h,1.3742
814,0-2h,1.0297
814,0-2h,1.6567
814,0-2h,2.6721
814,0-2h,1.2167
814,0-2h,1.7931
814,0-2h,1.5722
814,0-2h,0.8249
814,0-2h,3.3203
814,0-2h,1.3944
814,0-2h,2.2936
814,0-2h,1.9886
814,0-2h,1.3491
814,0-2h,1.3417
814,0-2h,2.8393
814,0-2h,3.4311
814,0-2h,2.6767
814,0-2h,1.8076
814,0-2h,2.03
814,2-4h,2.132
814,2-4h,0.8055
814,2-4h,1.8948
814,2-4h,2.3928
814,2-4h,2.8828
814,2-4h,3.3314
814,2-4h,3.6505
814,2-4h,4.57
814,2-4h,2.4113
814,2-4h,2.9291
814,2-4h,2.133
814,2-4h,2.05
814,2-4h,7.569
814,2-4h,1.1696
814,2-4h,4.146
814,2-4h,1.265
814,2-4h,5.3719
814,2-4h,2.69
814,2-4h,7.7435
814,2-4h,2.9335
814,2-4h,1.3776
814,2-4h,1.3622
814,2-4h,1.7324
814,2-4h,1.7917
814,2-4h,3.0612
814,4-6h,14.696
814,4-6h,4.1533
814,4-6h,4.9025
814,4-6h,5.9606
814,4-6h,3.7963
814,4-6h,6.7624
814,4-6h,3.1683
814,4-6h,7.6953
814,4-6h,7.3817
814,4-6h,8.3839
814,4-6h,4.1638
814,4-6h,6.9487
814,4-6h,3.9689
814,4-6h,6.6412
814,4-6h,1.2211
814,4-6h,11.5648
814,4-6h,2.8366
814,4-6h,2.9857
814,4-6h,6.7181
814,4-6h,4.2437
814,4-6h,2.4301
814,4-6h,7.1974
814,4-6h,4.7416
814,4-6h,3.8528
814,4-6h,8.5806
467,0-2h,1.5771
467,0-2h,1.7027
467,0-2h,5.1805
467,0-2h,1.6301
467,0-2h,2.0173
467,0-2h,4.0414
467,0-2h,1.6998
467,0-2h,1.6418
467,0-2h,2.392
467,0-2h,1.5692
467,0-2h,0.8178
467,0-2h,2.679
467,0-2h,3.2011
467,0-2h,2.835
467,0-2h,1.3005
467,0-2h,2.4947
467,0-2h,2.4273
467,0-2h,3.0857
467,0-2h,2.9789
467,0-2h,1.2622
467,0-2h,4.916
467,0-2h,1.3858
467,0-2h,1.9423
467,0-2h,1.0021
467,0-2h,2.786
467,2-4h,8.0033
467,2-4h,2.647
467,2-4h,2.3718
467,2-4h,3.6892
467,2-4h,3.1086
467,2-4h,5.4149
467,2-4h,4.5995
467,2-4h,6.683
467,2-4h,2.607
467,2-4h,4.6762
467,2-4h,2.5666
467,2-4h,3.6557
467,2-4h,6.5177
467,2-4h,4.1106
467,2-4h,3.7132
467,2-4h,3.3447
467,2-4h,2.0439
467,2-4h,2.1501
467,2-4h,1.8759
467,2-4h,2.8187
467,2-4h,1.9245
467,2-4h,3.5307
467,2-4h,2.9771
467,2-4h,1.7642
467,2-4h,8.8741
467,4-6h,2.9733
467,4-6h,5.0921
467,4-6h,4.9575
467,4-6h,5.0056
467,4-6h,2.7554
467,4-6h,3.9513
467,4-6h,12.815
467,4-6h,10.9314
467,4-6h,3.7203
467,4-6h,5.0976
467,4-6h,2.984
467,4-6h,5.0698
467,4-6h,6.203
467,4-6h,3.1353
467,4-6h,2.3581
467,4-6h,5.7301
467,4-6h,4.2937
467,4-6h,10.611
467,4-6h,5.8086
467,4-6h,10.1573
467,4-6h,4.1641
467,4-6h,1.6942
467,4-6h,6.0444
467,4-6h,12.3514
467,4-6h,5.1868
303,0-2h,2.7084
303,0-2h,0.9391
303,0-2h,1.999
303,0-2h,1.0261
303,0-2h,1.0643
303,0-2h,3.2526
303,0-2h,1.0831
303,0-2h,2.3018
303,0-2h,2.2631
303,0-2h,1.3144
303,0-2h,1.0902
303,0-2h,1.4544
303,0-2h,1.6122
303,0-2h,1.5906
303,0-2h,1.1473
303,0-2h,1.3672
303,0-2h,1.1547
303,0-2h,1.7594
303,0-2h,2.0319
303,0-2h,2.2894
303,0-2h,1.0282
303,0-2h,1.8104
303,0-2h,1.1783
303,0-2h,1.899
303,0-2h,3.0076
303,2-4h,4.9868
303,2-4h,4.5539
303,2-4h,2.2575
303,2-4h,5.1181
303,2-4h,2.6747
303,2-4h,2.1467
303,2-4h,4.2929
303,2-4h,2.3756
303,2-4h,1.6921
303,2-4h,2.3714
303,2-4h,5.2221
303,2-4h,2.3452
303,2-4h,4.5441
303,2-4h,2.3924
303,2-4h,1.3834
303,2-4h,6.233
303,2-4h,2.8025
303,2-4h,2.8041
303,2-4h,2.4269
303,2-4h,1.1017
303,2-4h,2.1146
303,2-4h,2.287
303,2-4h,4.1308
303,2-4h,6.9084
303,2-4h,1.6841
303,4-6h,6.0926
303,4-6h,5.556
303,4-6h,3.4973
303,4-6h,3.8917
303,4-6h,5.0433
303,4-6h,4.7335
303,4-6h,3.4515
303,4-6h,4.532
303,4-6h,3.8652
303,4-6h,4.8398
303,4-6h,4.5683
303,4-6h,4.942
303,4-6h,5.2701
303,4-6h,5.7077
303,4-6h,2.9072
303,4-6h,3.6723
303,4-6h,4.8144
303,4-6h,6.8575
303,4-6h,5.7028
303,4-6h,2.0957
303,4-6h,4.4841
303,4-6h,1.9773
303,4-6h,2.5042
303,4-6h,1.6239
303,4-6h,3.9243
653,0-2h,2.28
653,0-2h,1.7231
653,0-2h,2.8419
653,0-2h,1.8683
653,0-2h,1.6935
653,0-2h,1.5332
653,0-2h,1.8393
653,0-2h,2.7718
653,0-2h,2.018
653,0-2h,1.7896
653,0-2h,0.8893
653,0-2h,1.0327
653,0-2h,1.4246
653,0-2h,1.7369
653,0-2h,2.0421
653,0-2h,1.8463
653,0-2h,1.8807
653,0-2h,2.2394
653,0-2h,1.1554
653,0-2h,1.4587
653,0-2h,1.2813
653,0-2h,1.713
653,0-2h,2.3847
653,0-2h,2.853
653,0-2h,2.4383
653,2-4h,3.2539
653,2-4h,2.082
653,2-4h,2.069
653,2-4h,2.7877
653,2-4h,2.4042
653,2-4h,1.9906
653,2-4h,1.5569
653,2-4h,4.2949
653,2-4h,1.2877
653,2-4h,2.0027
653,2-4h,2.1252
653,2-4h,2.0761
653,2-4h,2.0714
653,2-4h,3.583
653,2-4h,3.3515
653,2-4h,2.0922
653,2-4h,1.371
653,2-4h,2.7359
653,2-4h,3.6233
653,2-4h,5.2935
653,2-4h,3.3082
653,2-4h,2.828
653,2-4h,2.5257
653,2-4h,3.7029
653,2-4h,2.9468
653,4-6h,8.2721
653,4-6h,7.331
653,4-6h,3.6317
653,4-6h,5.1629
653,4-6h,3.711
653,4-6h,3.8403
653,4-6h,4.527
653,4-6h,6.9503
653,4-6h,2.0609
653,4-6h,2.8381
653,4-6h,4.386
653,4-6h,3.5812
653,4-6h,7.3852
653,4-6h,4.881
653,4-6h,5.1475
653,4-6h,7.6132
653,4-6h,4.4556
653,4-6h,3.3334
653,4-6h,11.1193
653,4-6h,19.1352
653,4-6h,5.7141
653,4-6h,10.1802
653,4-6h,3.8744
653,4-6h,2.635
653,4-6h,3.9779
634,0-2h,1.2032
634,0-2h,3.1319
634,0-2h,1.4284
634,0-2h,0.779
634,0-2h,2.2651
634,0-2h,1.2817
634,0-2h,1.8911
634,0-2h,3.4591
634,0-2h,1.3584
634,0-2h,1.2166
634,0-2h,2.9152
634,0-2h,1.8969
634,0-2h,2.3046
634,0-2h,1.2314
634,0-2h,2.0733
634,0-2h,2.1056
634,0-2h,1.4478
634,0-2h,2.6365
634,0-2h,1.6473
634,0-2h,1.3632
634,0-2h,1.4551
634,0-2h,2.1338
634,0-2h,1.2238
634,0-2h,1.111
634,0-2h,1.6925
634,2-4h,1.5244
634,2-4h,2.304
634,2-4h,3.2198
634,2-4h,6.8032
634,2-4h,3.7343
634,2-4h,3.9835
634,2-4h,3.5175
634,2-4h,1.8296
634,2-4h,4.7244
634,2-4h,3.9441
634,2-4h,1.315
634,2-4h,4.3508
634,2-4h,3.071
634,2-4h,3.2863
634,2-4h,2.4161
634,2-4h,5.2133
634,2-4h,2.9277
634,2-4h,2.3114
634,2-4h,5.8165
634,2-4h,2.9616
634,2-4h,2.7384
634,2-4h,2.7555
634,2-4h,2.9443
634,2-4h,3.7186
634,2-4h,3.7999
634,4-6h,9.4932
634,4-6h,6.8421
634,4-6h,4.6373
634,4-6h,9.8454
634,4-6h,4.1235
634,4-6h,8.5802
634,4-6h,2.5571
634,4-6h,2.3765
634,4-6h,1.8513
634,4-6h,8.9307
634,4-6h,5.552
634,4-6h,2.2014
634,4-6h,5.5889
634,4-6h,3.8849
634,4-6h,8.9583
634,4-6h,7.5154
634,4-6h,2.6954
634,4-6h,6.281
634,4-6h,11.2918
634,4-6h,1.645
634,4-6h,6.2398
634,4-6h,4.2841
634,4-6h,5.3255
634,4-6h,4.0039
634,4-6h,4.3161
202,0-2h,1.4524
202,0-2h,1.6924
202,0-2h,1.9873
202,0-2h,2.2464
202,0-2h,1.8929
202,0-2h,1.3288
202,0-2h,1.6589
202,0-2h,1.3538
202,0-2h,0.954
202,0-2h,2.6635
202,0-2h,1.6188
202,0-2h,1.3667
202,0-2h,3.5596
202,0-2h,1.3415
202,0-2h,1.027
202,0-2h,1.7141
202,0-2h,1.1471
202,0-2h,1.7644
202,0-2h,2.0336
202,0-2h,1.5313
202,0-2h,0.9481
202,0-2h,2.1873
202,0-2h,1.0264
202,0-2h,0.9656
202,0-2h,1.5402
202,2-4h,2.1565
202,2-4h,8.282
202,2-4h,2.4369
202,2-4h,3.4661
202,2-4h,4.3778
202,2-4h,1.7609
202,2-4h,2.7189
202,2-4h,3.5035
202,2-4h,4.9597
202,2-4h,3.9105
202,2-4h,3.9512
202,2-4h,2.5412
202,2-4h,4.0083
202,2-4h,1.9386
202,2-4h,5.0251
202,2-4h,2.688
202,2-4h,1.6026
202,2-4h,2.4291
202,2-4h,3.5065
202,2-4h,3.3
202,2-4h,1.7387
202,2-4h,3.1841
202,2-4h,6.6964
202,2-4h,2.0122
202,2-4h,5.6917
202,4-6h,7.0607
202,4-6h,4.5132
202,4-6h,5.9272
202,4-6h,2.3726
202,4-6h,10.3657
202,4-6h,4.7626
202,4-6h,4.3008
202,4-6h,5.1395
202,4-6h,3.5548
202,4-6h,2.2157
202,4-6h,6.8206
202,4-6h,3.7912
202,4-6h,5.0542
202,4-6h,3.1569
202,4-6h,2.9149
202,4-6h,3.4045
202,4-6h,4.2731
202,4-6h,1.7649
202,4-6h,11.1772
202,4-6h,4.5841
202,4-6h,4.2507
202,4-6h,7.965
202,4-6h,5.0377
202,4-6h,7.2084
202,4-6h,6.4881
421,0-2h,1.3836
421,0-2h,1.2929
421,0-2h,2.4507
421,0-2h,2.8815
421,0-2h,2.5774
421,0-2h,1.5418
421,0-2h,1.9417
421,0-2h,2.5027
421,0-2h,1.609
421,0-2h,1.7521
421,0-2h,2.139
421,0-2h,2.5115
421,0-2h,2.3988
421,0-2h,3.0213
421,0-2h,2.1503
421,0-2h,2.4343
421,0-2h,0.9375
421,0-2h,1.3839
421,0-2h,1.237
421,0-2h,2.7975
421,0-2h,1.964
421,0-2h,2.8763
421,0-2h,1.7065
421,0-2h,1.1788
421,0-2h,1.2867
421,2-4h,1.91
421,2-4h,2.9815
421,2-4h,2.6231
421,2-4h,2.651
421,2-4h,7.903
421,2-4h,5.6616
421,2-4h,2.7219
421,2-4h,3.8599
421,2-4h,7.1382
421,2-4h,2.6775
421,2-4h,2.6621
421,2-4h,1.9688
421,2-4h,1.5201
421,2-4h,3.2856
421,2-4h,2.7683
421,2-4h,1.1542
421,2-4h,2.573
421,2-4h,4.6799
421,2-4h,1.6521
421,2-4h,3.1968
421,2-4h,4.6096
421,2-4h,3.2085
421,2-4h,2.0398
421,2-4h,3.1017
421,2-4h,2.3614
421,4-6h,4.1037
421,4-6h,7.8532
421,4-6h,5.0463
421,4-6h,5.743
421,4-6h,6.5841
421,4-6h,8.5102
421,4-6h,7.9276
421,4-6h,7.4888
421,4-6h,3.8316
421,4-6h,2.9286
421,4-6h,9.1709
421,4-6h,4.3613
421,4-6h,3.1259
421,4-6h,2.2169
421,4-6h,3.3832
421,4-6h,3.2772
421,4-6h,2.6029
421,4-6h,3.3505
421,4-6h,9.4411
421,4-6h,9.3956
421,4-6h,6.617
421,4-6h,2.7803
421,4-6h,5.5542
421,4-6h,6.4143
421,4-6h,5.5167
119,0-2h,2.2317
119,0-2h,0.7776
119,0-2h,2.5143
119,0-2h,1.0428
119,0-2h,1.4447
119,0-2h,1.3391
119,0-2h,2.3303
119,0-2h,3.4102
119,0-2h,2.1372
119,0-2h,1.5199
119,0-2h,1.256
119,0-2h,1.3207
119,0-2h,3.0518
119,0-2h,2.7123
119,0-2h,2.154
119,0-2h,2.2903
119,0-2h,1.2204
119,0-2h,2.6013
119,0-2h,2.9036
119,0-2h,1.5621
119,0-2h,2.1128
119,0-2h,1.7291
119,0-2h,2.7775
119,0-2h,2.1182
119,0-2h,1.2443
119,2-4h,3.2743
119,2-4h,2.0536
119,2-4h,1.4437
119,2-4h,4.8364
119,2-4h,2.4218
119,2-4h,1.3523
119,2-4h,3.2591
119,2-4h,2.547
119,2-4h,2.5693
119,2-4h,3.9874
119,2-4h,2.4367
119,2-4h,1.0003
119,2-4h,4.2056
119,2-4h,9.5008
119,2-4h,2.1939
119,2-4h,3.2626
119,2-4h,1.5611
119,2-4h,4.1995
119,2-4h,2.3692
119,2-4h,2.2084
119,2-4h,1.2982
119,2-4h,3.1492
119,2-4h,1.5245
119,2-4h,3.4554
119,2-4h,5.3902
119,4-6h,8.0729
119,4-6h,7.1317
119,4-6h,3.2907
119,4-6h,3.3294
119,4-6h,5.2027
119,4-6h,3.5198
119,4-6h,5.7642
119,4-6h,5.6798
119,4-6h,9.6691
119,4-6h,6.2109
119,4-6h,1.4828
119,4-6h,10.4961
119,4-6h,6.8813
119,4-6h,3.2927
119,4-6h,9.9889
119,4-6h,6.8737
119,4-6h,2.4709
119,4-6h,2.5276
119,4-6h,8.9696
119,4-6h,2.6808
119,4-6h,5.8784
119,4-6h,6.1299
119,4-6h,5.0073
119,4-6h,10.2718
119,4-6h,5.5871
852,0-2h,3.2966
852,0-2h,1.9562
852,0-2h,2.9914
852,0-2h,1.3907
852,0-2h,3.2853
852,0-2h,1.5969
852,0-2h,1.7116
852,0-2h,1.7579
852,0-2h,2.9902
852,0-2h,0.7943
852,0-2h,1.098
852,0-2h,0.9681
852,0-2h,2.4946
852,0-2h,1.392
852,0-2h,1.8331
852,0-2h,2.4707
852,0-2h,3.2622
852,0-2h,1.155
852,0-2h,1.876
852,0-2h,1.9914
852,0-2h,2.7595
852,0-2h,3.2171
852,0-2h,3.2544
852,0-2h,0.9579
852,0-2h,2.5449
852,2-4h,3.1403
852,2-4h,5.5663
852,2-4h,3.6505
852,2-4h,2.1913
852,2-4h,2.2728
852,2-4h,4.1265
852,2-4h,1.8771
852,2-4h,2.0037
852,2-4h,1.8982
852,2-4h,3.1108
852,2-4h,5.9286
852,2-4h,1.8252
852,2-4h,1.8424
852,2-4h,4.3901
852,2-4h,3.7482
852,2-4h,1.6107
852,2-4h,3.1333
852,2-4h,1.8546
852,2-4h,2.3984
852,2-4h,1.2033
852,2-4h,2.1415
852,2-4h,3.5798
852,2-4h,4.0241
852,2-4h,2.8245
852,2-4h,3.5603
852,4-6h,4.5171
852,4-6h,5.0968
852,4-6h,6.9352
852,4-6h,4.7456
852,4-6h,11.7367
852,4-6h,4.1785
852,4-6h,3.6957
852,4-6h,5.3961
852,4-6h,7.1325
852,4-6h,2.5026
852,4-6h,18.503
852,4-6h,6.2244
852,4-6h,3.1593
852,4-6h,3.6812
852,4-6h,6.7938
852,4-6h,10.6696
852,4-6h,5.8417
852,4-6h,2.6326
852,4-6h,1.4159
852,4-6h,16.536
852,4-6h,2.2819
852,4-6h,5.1523
852,4-6h,6.243
852,4-6h,4.9692
852,4-6h,2.6641
209,0-2h,1.4872
209,0-2h,2.7046
209,0-2h,1.8753
209,0-2h,2.138
209,0-2h,1.3988
209,0-2h,2.4357
209,0-2h,1.6955
209,0-2h,1.1653
209,0-2h,1.1563
209,0-2h,1.3897
209,0-2h,1.4664
209,0-2h,2.802
209,0-2h,1.9446
209,0-2h,1.1879
209,0-2h,2.1096
209,0-2h,2.311
209,0-2h,0.8659
209,0-2h,2.2935
209,0-2h,1.0245
209,0-2h,2.054
209,0-2h,2.0183
209,0-2h,1.8929
209,0-2h,1.3395
209,0-2h,1.7565
209,0-2h,1.0867
209,2-4h,2.9488
209,2-4h,1.5835
209,2-4h,2.3519
209,2-4h,4.5308
209,2-4h,1.0376
209,2-4h,1.6512
209,2-4h,3.0956
209,2-4h,2.3933
209,2-4h,2.4974
209,2-4h,1.8211
209,2-4h,2.5187
209,2-4h,1.5452
209,2-4h,2.0544
209,2-4h,5.2483
209,2-4h,4.4222
209,2-4h,3.1403
209,2-4h,6.6441
209,2-4h,4.903
209,2-4h,3.8089
209,2-4h,3.4607
209,2-4h,2.6891
209,2-4h,3.3388
209,2-4h,1.3781
209,2-4h,4.9016
209,2-4h,2.3706
209,4-6h,2.2119
209,4-6h,9.8396
209,4-6h,6.6108
209,4-6h,3.6425
209,4-6h,2.3487
209,4-6h,4.1374
209,4-6h,2.4489
209,4-6h,5.9545
209,4-6h,6.3947
209,4-6h,13.0393
209,4-6h,8.1757
209,4-6h,3.665
209,4-6h,2.8128
209,4-6h,3.7659
209,4-6h,1.485
209,4-6h,3.777
209,4-6h,1.2225
209,4-6h,7.8455
209,4-6h,4.0736
209,4-6h,4.7927
209,4-6h,6.2433
209,4-6h,4.0082
209,4-6h,3.8153
209,4-6h,8.5918
209,4-6h,6.5242
29,0-2h,2.6207
29,0-2h,1.5663
29,0-2h,1.1087
29,0-2h,0.763
29,0-2h,2.5643
29,0-2h,3.2771
29,0-2h,2.0395
29,0-2h,1.9672
29,0-2h,1.7652
29,0-2h,2.2366
29,0-2h,0.9287
29,0-2h,1.8087
29,0-2h,1.4317
29,0-2h,1.5509
29,0-2h,1.0566
29,0-2h,1.2583
29,0-2h,1.5585
29,0-2h,1.9347
29,0-2h,1.3741
29,0-2h,2.1905
29,0-2h,2.7231
29,0-2h,2.2021
29,0-2h,1.3167
29,0-2h,1.616
29,0-2h,1.386
29,2-4h,1.957
29,2-4h,2.8449
29,2-4h,3.288
29,2-4h,1.943
29,2-4h,5.4058
29,2-4h,1.2901
29,2-4h,1.3482
29,2-4h,4.6271
29,2-4h,3.9912
29,2-4h,1.9994
29,2-4h,2.3644
29,2-4h,4.6257
29,2-4h,2.7535
29,2-4h,0.8316
29,2-4h,3.2572
29,2-4h,3.173
29,2-4h,6.7754
29,2-4h,4.165
29,2-4h,1.2371
29,2-4h,3.9356
29,2-4h,1.2629
29,2-4h,4.2591
29,2-4h,4.688
29,2-4h,3.1366
29,2-4h,1.9864
29,4-6h,3.0802
29,4-6h,2.561
29,4-6h,3.3207
29,4-6h,2.6468
29,4-6h,2.6487
29,4-6h,10.2306
29,4-6h,5.456
29,4-6h,4.6918
29,4-6h,2.5611
29,4-6h,4.3463
29,4-6h,5.2682
29,4-6h,7.7007
29,4-6h,4.2763
29,4-6h,9.1485
29,4-6h,5.762
29,4-6h,4.0259
29,4-6h,5.5594
29,4-6h,4.3899
29,4-6h,3.4144
29,4-6h,14.0474
29,4-6h,3.1273
29,4-6h,3.3046
29,4-6h,3.1091
29,4-6h,5.4895
29,4-6h,15.4921
642,0-2h,1.4627
642,0-2h,1.6887
642,0-2h,1.0594
642,0-2h,2.0105
642,0-2h,2.4962
642,0-2h,1.6343
642,0-2h,1.6978
642,0-2h,2.1945
642,0-2h,1.8946
642,0-2h,1.0221
642,0-2h,2.1812
642,0-2h,3.6589
642,0-2h,2.1829
642,0-2h,2.6652
642,0-2h,1.8878
642,0-2h,1.5811
642,0-2h,1.8663
642,0-2h,2.1325
642,0-2h,1.0555
642,0-2h,1.5478
642,0-2h,2.4814
642,0-2h,2.2499
642,0-2h,1.5447
642,0-2h,1.7154
642,0-2h,2.8978
642,2-4h,1.2532
642,2-4h,2.9978
642,2-4h,3.9193
642,2-4h,1.6397
642,2-4h,3.0118
642,2-4h,3.5388
642,2-4h,5.7082
642,2-4h,3.3089
642,2-4h,3.1902
642,2-4h,3.3803
642,2-4h,2.6009
642,2-4h,3.3752
642,2-4h,3.3593
642,2-4h,2.7834
642,2-4h,2.913
642,2-4h,2.5275
642,2-4h,1.5833
642,2-4h,3.6369
642,2-4h,3.5007
642,2-4h,4.4715
642,2-4h,3.1862
642,2-4h,2.4038
642,2-4h,5.1467
642,2-4h,4.139
642,2-4h,3.9708
642,4-6h,5.8594
642,4-6h,9.4289
642,4-6h,4.8961
642,4-6h,2.4364
642,4-6h,6.3747
642,4-6h,2.6049
642,4-6h,4.4193
642,4-6h,4.2928
642,4-6h,8.2494
642,4-6h,6.561
642,4-6h,9.2463
642,4-6h,2.9189
642,4-6h,3.1958
642,4-6h,2.5007
642,4-6h,2.7618
642,4-6h,2.3945
642,4-6h,10.7959
642,4-6h,5.1289
642,4-6h,3.3392
642,4-6h,3.7115
642,4-6h,8.8251
642,4-6h,2.6363
642,4-6h,7.6233
642,4-6h,2.538
642,4-6h,3.8083
930,0-2h,1.5477
930,0-2h,2.439
930,0-2h,2.467
930,0-2h,1.321
930,0-2h,2.0363
930,0-2h,2.3457
930,0-2h,2.9176
930,0-2h,0.7712
930,0-2h,2.2092
930,0-2h,1.7782
930,0-2h,0.7163
930,0-2h,2.1204
930,0-2h,1.4442
930,0-2h,1.6227
930,0-2h,2.1219
930,0-2h,1.1934
930,0-2h,2.5533
930,0-2h,1.0656
930,0-2h,1.336
930,0-2h,4.1484
930,0-2h,1.4735
930,0-2h,3.2599
930,0-2h,2.3262
930,0-2h,2.7684
930,0-2h,3.2023
930,2-4h,4.9904
930,2-4h,1.5671
930,2-4h,2.4271
930,2-4h,2.3216
930,2-4h,3.6678
930,2-4h,3.277
930,2-4h,4.4391
930,2-4h,2.3965
930,2-4h,1.597
930,2-4h,2.6135
930,2-4h,1.6412
930,2-4h,1.5162
930,2-4h,2.4702
930,2-4h,4.5199
930,2-4h,3.2613
930,2-4h,3.92
930,2-4h,3.4704
930,2-4h,1.397
930,2-4h,1.7807
930,2-4h,3.8324
930,2-4h,2.7483
930,2-4h,1.7812
930,2-4h,4.282
930,2-4h,2.2515
930,2-4h,7.4556
930,4-6h,5.5039
930,4-6h,2.4357
930,4-6h,6.6483
930,4-6h,5.807
930,4-6h,2.0727
930,4-6h,7.8338
930,4-6h,3.3687
930,4-6h,3.084
930,4-6h,5.7234
930,4-6h,4.2745
930,4-6h,2.7488
930,4-6h,8.6974
930,4-6h,1.4447
930,4-6h,3.3668
930,4-6h,7.0006
930,4-6h,2.1722
930,4-6h,4.5905
930,4-6h,3.3977
930,4-6h,2.927
930,4-6h,3.034
930,4-6h,3.0223
930,4-6h,12.0102
930,4-6h,13.6342
930,4-6h,6.1074
930,4-6h,4.2341
949,0-2h,0.74
949,0-2h,3.4063
949,0-2h,1.479
949,0-2h,0.8719
949,0-2h,2.5789
949,0-2h,2.0299
949,0-2h,2.2398
949,0-2h,3.3853
949,0-2h,3.5056
949,0-2h,1.5993
949,0-2h,2.0525
949,0-2h,1.7474
949,0-2h,1.4998
949,0-2h,1.2898
949,0-2h,1.383
949,0-2h,0.906
949,0-2h,1.4266
949,0-2h,1.0233
949,0-2h,1.8114
949,0-2h,1.8615
949,0-2h,2.4892
949,0-2h,3.0947
949,0-2h,1.8915
949,0-2h,1.8447
949,0-2h,1.9062
949,2-4h,2.8824
949,2-4h,3.607
949,2-4h,3.1238
949,2-4h,3.2617
949,2-4h,3.9244
949,2-4h,1.4963
949,2-4h,6.9971
949,2-4h,6.6804
949,2-4h,4.9525
949,2-4h,2.9812
949,2-4h,2.5464
949,2-4h,4.437
949,2-4h,4.0758
949,2-4h,2.4113
949,2-4h,3.4972
949,2-4h,5.442
949,2-4h,4.0456
949,2-4h,1.2024
949,2-4h,1.4467
949,2-4h,3.292
949,2-4h,3.8285
949,2-4h,2.1715
949,2-4h,1.0844
949,2-4h,3.8554
949,2-4h,5.5253
949,4-6h,2.5678
949,4-6h,7.1832
949,4-6h,3.93
949,4-6h,13.4667
949,4-6h,8.4984
949,4-6h,3.6272
949,4-6h,3.2289
949,4-6h,5.6322
949,4-6h,8.035
949,4-6h,4.4158
949,4-6h,8.063
949,4-6h,6.8001
949,4-6h,2.0236
949,4-6h,3.0036
949,4-6h,2.21
949,4-6h,5.879
949,4-6h,5.3212
949,4-6h,5.9082
949,4-6h,6.1714
949,4-6h,8.03
949,4-6h,1.2872
949,4-6h,6.1658
949,4-6h,7.0452
949,4-6h,14.3003
949,4-6h,4.8186
830,0-2h,2.3921
830,0-2h,3.3349
830,0-2h,1.3574
830,0-2h,1.4304
830,0-2h,2.5173
830,0-2h,1.7388
830,0-2h,1.1319
830,0-2h,0.9272
830,0-2h,1.8715
830,0-2h,2.3189
830,0-2h,1.257
830,0-2h,3.5442
830,0-2h,2.2536
830,0-2h,4.3156
830,0-2h,1.8275
830,0-2h,1.7241
830,0-2h,1.3281
830,0-2h,1.5739
830,0-2h,1.0994
830,0-2h,1.6987
830,0-2h,1.8594
830,0-2h,3.6183
830,0-2h,2.2119
830,0-2h,1.3721
830,0-2h,1.8601
830,2-4h,2.4981
830,2-4h,2.486
830,2-4h,2.39
830,2-4h,1.4084
830,2-4h,1.3737
830,2-4h,1.5746
830,2-4h,0.8222
830,2-4h,2.8014
830,2-4h,3.4829
830,2-4h,3.6706
830,2-4h,2.4904
830,2-4h,2.4834
830,2-4h,2.9192
830,2-4h,2.1222
830,2-4h,3.0756
830,2-4h,1.1163
830,2-4h,3.4592
830,2-4h,2.3034
830,2-4h,1.085
830,2-4h,2.143
830,2-4h,5.672
830,2-4h,2.5332
830,2-4h,5.1028
830,2-4h,2.3923
830,2-4h,2.4813
830,4-6h,3.7259
830,4-6h,9.6917
830,4-6h,4.2306
830,4-6h,6.9082
830,4-6h,3.365
830,4-6h,2.6268
830,4-6h,4.368
830,4-6h,6.5677
830,4-6h,2.8287
830,4-6h,3.9198
830,4-6h,6.9634
830,4-6h,2.9576
830,4-6h,5.3757
830,4-6h,4.7039
830,4-6h,1.5046
830,4-6h,6.1972
830,4-6h,4.9159
830,4-6h,1.8467
830,4-6h,7.647
830,4-6h,3.8881
830,4-6h,3.4011
830,4-6h,4.9285
830,4-6h,9.7308
830,4-6h,7.0421
830,4-6h,4.8355
809,0-2h,1.2928
809,0-2h,1.2312
809,0-2h,1.1165
809,0-2h,2.8655
809,0-2h,4.06
809,0-2h,2.3432
809,0-2h,1.4234
809,0-2h,1.7054
809,0-2h,1.6673
809,0-2h,1.0692
809,0-2h,2.4555
809,0-2h,0.6689
809,0-2h,2.1512
809,0-2h,3.8225
809,0-2h,2.4839
809,0-2h,1.9114
809,0-2h,1.9423
809,0-2h,2.1599
809,0-2h,0.877
809,0-2h,1.5333
809,0-2h,1.7195
809,0-2h,0.8446
809,0-2h,2.4952
809,0-2h,1.6396
809,0-2h,0.9164
809,2-4h,2.5583
809,2-4h,1.9181
809,2-4h,4.9322
809,2-4h,2.6678
809,2-4h,2.9765
809,2-4h,3.0664
809,2-4h,4.6223
809,2-4h,1.7918
809,2-4h,3.011
809,2-4h,3.1857
809,2-4h,1.9101
809,2-4h,2.0172
809,2-4h,2.1333
809,2-4h,3.7561
809,2-4h,4.6538
809,2-4h,3.5157
809,2-4h,3.5902
809,2-4h,2.0758
809,2-4h,2.793
809,2-4h,7.7494
809,2-4h,3.6783
809,2-4h,4.5831
809,2-4h,2.5397
809,2-4h,3.5789
809,2-4h,4.7249
809,4-6h,4.2911
809,4-6h,4.5955
809,4-6h,8.5077
809,4-6h,5.9805
809,4-6h,3.7987
809,4-6h,3.3477
809,4-6h,3.7361
809,4-6h,5.6351
809,4-6h,6.0696
809,4-6h,4.8745
809,4-6h,4.9245
809,4-6h,5.0587
809,4-6h,4.0791
809,4-6h,3.4012
809,4-6h,3.5213
809,4-6h,3.1309
809,4-6h,9.8608
809,4-6h,7.991
809,4-6h,4.3147
809,4-6h,4.8998
809,4-6h,6.917
809,4-6h,5.0272
809,4-6h,3.1887
809,4-6h,3.4379
809,4-6h,4.4491
387,0-2h,1.7191
387,0-2h,1.6733
387,0-2h,1.4286
387,0-2h,1.8751
387,0-2h,2.7172
387,0-2h,2.4998
387,0-2h,2.6503
387,0-2h,1.4692
387,0-2h,1.9697
387,0-2h,1.0779
387,0-2h,2.5003
387,0-2h,1.5042
387,0-2h,1.9846
387,0-2h,1.0773
387,0-2h,3.1081
387,0-2h,1.323
387,0-2h,2.1537
387,0-2h,2.4163
387,0-2h,2.6477
387,0-2h,2.1421
387,0-2h,3.5992
387,0-2h,1.7981
387,0-2h,1.453
387,0-2h,1.4303
387,0-2h,1.1445
387,2-4h,1.4552
387,2-4h,3.9321
387,2-4h,5.9001
387,2-4h,2.2182
387,2-4h,7.528
387,2-4h,4.6085
387,2-4h,2.6038
387,2-4h,3.7503
387,2-4h,1.6246
387,2-4h,4.0076
387,2-4h,3.4392
387,2-4h,1.663
387,2-4h,8.2615
387,2-4h,1.4226
387,2-4h,3.3762
387,2-4h,10.2906
387,2-4h,2.1662
387,2-4h,2.0681
387,2-4h,3.2438
387,2-4h,7.0351
387,2-4h,1.506
387,2-4h,5.8858
387,2-4h,4.9157
387,2-4h,6.0796
387,2-4h,3.551
387,4-6h,6.1105
387,4-6h,2.3363
387,4-6h,3.3681
387,4-6h,8.5971
387,4-6h,9.4764
387,4-6h,7.4031
387,4-6h,4.6315
387,4-6h,6.5326
387,4-6h,4.808
387,4-6h,3.3672
387,4-6h,4.3483
387,4-6h,4.1702
387,4-6h,4.0182
387,4-6h,5.5057
387,4-6h,6.7112
387,4-6h,1.8547
387,4-6h,3.445
387,4-6h,4.668
387,4-6h,5.3616
387,4-6h,6.5571
387,4-6h,6.129
387,4-6h,4.6536
387,4-6h,7.1375
387,4-6h,3.3188
387,4-6h,4.2088
381,0-2h,1.3829
381,0-2h,1.91
381,0-2h,1.1751
381,0-2h,1.0684
381,0-2h,2.5095
381,0-2h,1.1937
381,0-2h,1.2021
381,0-2h,2.0034
381,0-2h,2.3133
381,0-2h,1.9242
381,0-2h,1.2268
381,0-2h,2.5868
381,0-2h,3.3947
381,0-2h,1.1941
381,0-2h,2.3192
381,0-2h,0.9508
381,0-2h,1.5083
381,0-2h,1.0991
381,0-2h,2.2157
381,0-2h,1.535
381,0-2h,2.1725
381,0-2h,1.3578
381,0-2h,1.4408
381,0-2h,1.2697
381,0-2h,1.3589
381,2-4h,6.1597
381,2-4h,3.4577
381,2-4h,2.4242
381,2-4h,2.2245
381,2-4h,1.9783
381,2-4h,1.6944
381,2-4h,2.7038
381,2-4h,2.81
381,2-4h,6.5353
381,2-4h,2.295
381,2-4h,1.9828
381,2-4h,3.554
381,2-4h,4.4637
381,2-4h,4.4438
381,2-4h,5.5185
381,2-4h,4.2408
381,2-4h,5.6593
381,2-4h,2.807
381,2-4h,4.9792
381,2-4h,4.4385
381,2-4h,2.0417
381,2-4h,2.1698
381,2-4h,7.2471
381,2-4h,8.5475
381,2-4h,3.7326
381,4-6h,11.888
381,4-6h,23.3685
381,4-6h,6.1965
381,4-6h,5.7147
381,4-6h,1.6967
381,4-6h,8.1689
381,4-6h,8.8654
381,4-6h,8.2715
381,4-6h,8.9461
381,4-6h,8.4659
381,4-6h,2.3735
381,4-6h,6.6276
381,4-6h,8.2094
381,4-6h,5.3429
381,4-6h,1.8404
381,4-6h,3.031
381,4-6h,3.282
381,4-6h,5.9236
381,4-6h,3.8417
381,4-6h,4.1467
381,4-6h,4.39
381,4-6h,4.3988
381,4-6h,5.47
381,4-6h,2.8657
381,4-6h,5.8653
566,0-2h,2.3591
566,0-2h,2.5181
566,0-2h,1.2275
566,0-2h,1.235
566,0-2h,1.9742
566,0-2h,1.4898
566,0-2h,2.3888
566,0-2h,2.3382
566,0-2h,1.8509
566,0-2h,1.5194
566,0-2h,1.1488
566,0-2h,3.5313
566,0-2h,2.5285
566,0-2h,1.5741
566,0-2h,2.9226
566,0-2h,2.3496
566,0-2h,2.6783
566,0-2h,1.7457
566,0-2h,1.6384
566,0-2h,2.1863
566,0-2h,1.3365
566,0-2h,1.4013
566,0-2h,1.8464
566,0-2h,1.7932
566,0-2h,1.1794
566,2-4h,2.1915
566,2-4h,3.2943
566,2-4h,1.4561
566,2-4h,2.1622
566,2-4h,4.0022
566,2-4h,3.5507
566,2-4h,2.4125
566,2-4h,3.6023
566,2-4h,1.8281
566,2-4h,4.4031
566,2-4h,3.4979
566,2-4h,4.652
566,2-4h,2.423
566,2-4h,2.1713
566,2-4h,2.5874
566,2-4h,1.5662
566,2-4h,6.4573
566,2-4h,1.9614
566,2-4h,1.2916
566,2-4h,4.2721
566,2-4h,1.8802
566,2-4h,5.6093
566,2-4h,3.1787
566,2-4h,1.7328
566,2-4h,4.5647
566,4-6h,2.7951
566,4-6h,7.4395
566,4-6h,5.2574
566,4-6h,3.9907
566,4-6h,5.4175
566,4-6h,7.2007
566,4-6h,5.6028
566,4-6h,5.4695
566,4-6h,4.9394
566,4-6h,4.473
566,4-6h,2.3286
566,4-6h,2.285
566,4-6h,2.7933
566,4-6h,3.1492
566,4-6h,9.6694
566,4-6h,4.9904
566,4-6h,10.7354
566,4-6h,5.7639
566,4-6h,8.2664
566,4-6h,5.8462
566,4-6h,6.6219
566,4-6h,5.163
566,4-6h,1.8652
566,4-6h,6.508
566,4-6h,5.7905
629,0-2h,1.3834
629,0-2h,1.5898
629,0-2h,1.1529
629,0-2h,2.2253
629,0-2h,2.5943
629,0-2h,2.8524
629,0-2h,1.2952
629,0-2h,1.1366
629,0-2h,4.8486
629,0-2h,2.7144
629,0-2h,1.0276
629,0-2h,1.2181
629,0-2h,1.8895
629,0-2h,1.7635
629,0-2h,1.8508
629,0-2h,2.2313
629,0-2h,4.6968
629,0-2h,1.1849
629,0-2h,3.2347
629,0-2h,0.9646
629,0-2h,2.3273
629,0-2h,1.5797
629,0-2h,2.8933
629,0-2h,1.7332
629,0-2h,2.8311
629,2-4h,4.9973
629,2-4h,2.8869
629,2-4h,2.2421
629,2-4h,3.9474
629,2-4h,2.1989
629,2-4h,4.5512
629,2-4h,2.8444
629,2-4h,2.3242
629,2-4h,3.4786
629,2-4h,2.2741
629,2-4h,11.0271
629,2-4h,2.9826
629,2-4h,3.7545
629,2-4h,4.2433
629,2-4h,5.2178
629,2-4h,3.693
629,2-4h,1.9846
629,2-4h,3.3433
629,2-4h,4.8289
629,2-4h,5.4412
629,2-4h,3.4004
629,2-4h,1.6029
629,2-4h,5.7831
629,2-4h,1.1865
629,2-4h,3.3733
629,4-6h,7.4325
629,4-6h,3.0758
629,4-6h,5.8031
629,4-6h,5.0398
629,4-6h,3.832
629,4-6h,5.4342
629,4-6h,7.5585
629,4-6h,2.67
629,4-6h,2.7239
629,4-6h,6.5514
629,4-6h,1.407
629,4-6h,11.7811
629,4-6h,3.9639
629,4-6h,6.1291
629,4-6h,4.5003
629,4-6h,7.0711
629,4-6h,2.8932
629,4-6h,3.5942
629,4-6h,5.0532
629,4-6h,3.8319
629,4-6h,7.1499
629,4-6h,6.8839
629,4-6h,3.8252
629,4-6h,7.2025
629,4-6h,3.071
555,0-2h,2.683
555,0-2h,3.2931
555,0-2h,2.1067
555,0-2h,1.1426
555,0-2h,1.8793
555,0-2h,1.8548
555,0-2h,2.4391
555,0-2h,2.2975
555,0-2h,1.7183
555,0-2h,3.1583
555,0-2h,1.1331
555,0-2h,2.3656
555,0-2h,1.5688
555,0-2h,2.3944
555,0-2h,1.3946
555,0-2h,1.1154
555,0-2h,1.6213
555,0-2h,2.2583
555,0-2h,1.3954
555,0-2h,1.5615
555,0-2h,1.1438
555,0-2h,0.7188
555,0-2h,1.0856
555,0-2h,3.7093
555,0-2h,1.7437
555,2-4h,2.1665
555,2-4h,3.0894
555,2-4h,2.5035
555,2-4h,2.5851
555,2-4h,5.3848
555,2-4h,3.4633
555,2-4h,1.8293
555,2-4h,2.2316
555,2-4h,3.639
555,2-4h,2.8849
555,2-4h,1.7432
555,2-4h,2.0968
555,2-4h,2.8088
555,2-4h,3.107
555,2-4h,3.6204
555,2-4h,4.2451
555,2-4h,3.6379
555,2-4h,2.5981
555,2-4h,2.7586
555,2-4h,2.6805
555,2-4h,3.2006
555,2-4h,4.0445
555,2-4h,3.1077
555,2-4h,4.3934
555,2-4h,3.2342
555,4-6h,3.2839
555,4-6h,8.0037
555,4-6h,2.8802
555,4-6h,6.1512
555,4-6h,10.4193
555,4-6h,3.628
555,4-6h,5.0845
555,4-6h,4.5179
555,4-6h,4.3526
555,4-6h,11.816
555,4-6h,5.3014
555,4-6h,1.4279
555,4-6h,5.1231
555,4-6h,11.1702
555,4-6h,6.5619
555,4-6h,4.9182
555,4-6h,5.3643
555,4-6h,5.6815
555,4-6h,5.9899
555,4-6h,4.87
555,4-6h,4.0367
555,4-6h,3.3195
555,4-6h,7.5382
555,4-6h,6.8501
555,4-6h,5.867
248,0-2h,1.9524
248,0-2h,1.1554
248,0-2h,1.53
248,0-2h,0.8496
248,0-2h,2.1323
248,0-2h,1.0902
248,0-2h,1.899
248,0-2h,2.1874
248,0-2h,2.9081
248,0-2h,1.7287
248,0-2h,1.4303
248,0-2h,2.3164
248,0-2h,2.2086
248,0-2h,2.0897
248,0-2h,1.7514
248,0-2h,1.2534
248,0-2h,1.5121
248,0-2h,1.8073
248,0-2h,1.5441
248,0-2h,2.1285
248,0-2h,4.789
248,0-2h,1.2505
248,0-2h,2.432
248,0-2h,1.2733
248,0-2h,3.136
248,2-4h,3.8682
248,2-4h,2.8055
248,2-4h,3.5687
248,2-4h,3.871
248,2-4h,3.322
248,2-4h,1.6222
248,2-4h,4.2841
248,2-4h,3.2712
248,2-4h,3.506
248,2-4h,1.7817
248,2-4h,2.5914
248,2-4h,2.9426
248,2-4h,1.8499
248,2-4h,7.8443
248,2-4h,1.3727
248,2-4h,3.4973
248,2-4h,1.7358
248,2-4h,1.842
248,2-4h,5.2675
248,2-4h,2.228
248,2-4h,2.484
248,2-4h,1.7105
248,2-4h,1.6104
248,2-4h,1.4324
248,2-4h,1.9745
248,4-6h,8.1539
248,4-6h,2.0095
248,4-6h,4.4372
248,4-6h,2.7947
248,4-6h,4.6498
248,4-6h,4.5845
248,4-6h,6.7713
248,4-6h,4.062
248,4-6h,6.3546
248,4-6h,4.0916
248,4-6h,5.0545
248,4-6h,5.1585
248,4-6h,3.7796
248,4-6h,4.6587
248,4-6h,4.4651
248,4-6h,8.026
248,4-6h,8.6678
248,4-6h,1.9057
248,4-6h,7.9667
248,4-6h,6.8819
248,4-6h,7.0943
248,4-6h,5.9874
248,4-6h,10.313
248,4-6h,7.5275
248,4-6h,6.5683
557,0-2h,1.2075
557,0-2h,1.4998
557,0-2h,3.3397
557,0-2h,1.2151
557,0-2h,2.4282
557,0-2h,3.0798
557,0-2h,0.9773
557,0-2h,1.3686
557,0-2h,2.7074
557,0-2h,1.1643
557,0-2h,2.8901
557,0-2h,1.73
557,0-2h,1.7434
557,0-2h,2.0806
557,0-2h,1.0352
557,0-2h,3.7353
557,0-2h,2.1456
557,0-2h,2.0619
557,0-2h,2.6517
557,0-2h,0.911
557,0-2h,2.8594
557,0-2h,1.0319
557,0-2h,1.1643
557,0-2h,1.4457
557,0-2h,2.715
557,2-4h,2.5046
557,2-4h,4.2668
557,2-4h,4.6414
557,2-4h,2.8304
557,2-4h,1.8897
557,2-4h,4.4145
557,2-4h,6.0808
557,2-4h,3.0376
557,2-4h,2.3123
557,2-4h,2.3958
557,2-4h,6.7023
557,2-4h,5.1602
557,2-4h,3.0034
557,2-4h,2.4151
557,2-4h,3.0829
557,2-4h,3.9764
557,2-4h,2.9953
557,2-4h,2.3594
557,2-4h,2.6607
557,2-4h,2.5851
557,2-4h,2.5996
557,2-4h,3.6645
557,2-4h,2.7265
557,2-4h,3.2775
557,2-4h,3.2455
557,4-6h,4.6972
557,4-6h,7.2828
557,4-6h,8.8666
557,4-6h,5.4187
557,4-6h,9.0683
557,4-6h,8.756
557,4-6h,8.6216
557,4-6h,5.9827
557,4-6h,5.9001
557,4-6h,2.2724
557,4-6h,7.0702
557,4-6h,8.0154
557,4-6h,3.0522
557,4-6h,5.6725
557,4-6h,2.5019
557,4-6h,2.586
557,4-6h,2.608
557,4-6h,3.1053
557,4-6h,10.0124
557,4-6h,8.4491
557,4-6h,4.346
557,4-6h,1.4014
557,4-6h,1.8971
557,4-6h,4.201
557,4-6h,4.5477
659,0-2h,3.331
659,0-2h,2.8824
659,0-2h,0.9861
659,0-2h,1.4292
659,0-2h,1.7832
659,0-2h,1.9507
659,0-2h,3.146
659,0-2h,2.2491
659,0-2h,2.1534
659,0-2h,1.7323
659,0-2h,1.9822
659,0-2h,2.4843
659,0-2h,1.1478
659,0-2h,2.7671
659,0-2h,0.8916
659,0-2h,1.4877
659,0-2h,0.9926
659,0-2h,1.9218
659,0-2h,1.7551
659,0-2h,1.3185
659,0-2h,1.3253
659,0-2h,1.0854
659,0-2h,1.5528
659,0-2h,2.3737
659,0-2h,2.3788
659,2-4h,6.5703
659,2-4h,1.6708
659,2-4h,2.5964
659,2-4h,4.9343
659,2-4h,2.93
659,2-4h,5.0364
659,2-4h,2.7366
659,2-4h,2.3319
659,2-4h,2.6814
659,2-4h,3.0382
659,2-4h,2.332
659,2-4h,2.8829
659,2-4h,2.5208
659,2-4h,1.6907
659,2-4h,7.2091
659,2-4h,3.0324
659,2-4h,1.0449
659,2-4h,2.0863
659,2-4h,1.9751
659,2-4h,6.1351
659,2-4h,5.2111
659,2-4h,1.0546
659,2-4h,3.2875
659,2-4h,2.0944
659,2-4h,9.2768
659,4-6h,8.6925
659,4-6h,4.1686
659,4-6h,6.1662
659,4-6h,3.0678
659,4-6h,5.346
659,4-6h,5.8136
659,4-6h,3.8839
659,4-6h,5.3864
659,4-6h,4.3404
659,4-6h,6.4819
659,4-6h,2.4077
659,4-6h,8.5153
659,4-6h,2.0554
659,4-6h,6.5143
659,4-6h,4.7004
659,4-6h,3.844
659,4-6h,2.671
659,4-6h,2.4565
659,4-6h,7.784
659,4-6h,4.4507
659,4-6h,6.1145
659,4-6h,9.7536
659,4-6h,11.1
659,4-6h,7.557
659,4-6h,5.7403
198,0-2h,2.0488
198,0-2h,1.1908
198,0-2h,1.3355
198,0-2h,1.2297
198,0-2h,2.8611
198,0-2h,2.8942
198,0-2h,1.0266
198,0-2h,0.9629
198,0-2h,1.6604
198,0-2h,1.5176
198,0-2h,0.8592
198,0-2h,1.0087
198,0-2h,0.9762
198,0-2h,2.9734
198,0-2h,0.9909
198,0-2h,2.5493
198,0-2h,2.1446
198,0-2h,1.8074
198,0-2h,3.395
198,0-2h,3.4661
198,0-2h,0.691
198,0-2h,3.4587
198,0-2h,2.119
198,0-2h,1.5541
198,0-2h,0.6399
198,2-4h,1.8331
198,2-4h,3.0893
198,2-4h,1.7777
198,2-4h,3.2673
198,2-4h,1.7083
198,2-4h,1.5163
198,2-4h,2.7438
198,2-4h,6.3363
198,2-4h,2.9081
198,2-4h,4.839
198,2-4h,3.8554
198,2-4h,4.691
198,2-4h,3.6596
198,2-4h,1.5673
198,2-4h,2.8555
198,2-4h,6.9899
198,2-4h,2.6868
198,2-4h,5.8197
198,2-4h,2.5497
198,2-4h,2.472
198,2-4h,1.8679
198,2-4h,3.9758
198,2-4h,6.1345
198,2-4h,4.6498
198,2-4h,2.4633
198,4-6h,4.0546
198,4-6h,3.4722
198,4-6h,7.3269
198,4-6h,4.9732
198,4-6h,3.2827
198,4-6h,3.5175
198,4-6h,7.2345
198,4-6h,4.4275
198,4-6h,6.0705
198,4-6h,7.8281
198,4-6h,3.2714
198,4-6h,4.2769
198,4-6h,2.6161
198,4-6h,10.0599
198,4-6h,6.0811
198,4-6h,8.8759
198,4-6h,2.7466
198,4-6h,5.5269
198,4-6h,4.4711
198,4-6h,6.5852
198,4-6h,4.5118
198,4-6h,3.2434
198,4-6h,5.2713
198,4-6h,3.4937
198,4-6h,10.4038
586,0-2h,2.635
586,0-2h,1.046
586,0-2h,0.8275
586,0-2h,2.7129
586,0-2h,1.4344
586,0-2h,1.0817
586,0-2h,1.6034
586,0-2h,1.2639
586,0-2h,1.4064
586,0-2h,2.5799
586,0-2h,1.3305
586,0-2h,1.7523
586,0-2h,2.1142
586,0-2h,1.1002
586,0-2h,2.8502
586,0-2h,1.8542
586,0-2h,1.2929
586,0-2h,2.5528
586,0-2h,1.0972
586,0-2h,1.2608
586,0-2h,2.8866
586,0-2h,2.0934
586,0-2h,1.6739
586,0-2h,2.4733
586,0-2h,0.9132
586,2-4h,2.1842
586,2-4h,3.5363
586,2-4h,3.9604
586,2-4h,4.3535
586,2-4h,1.3543
586,2-4h,2.1918
586,2-4h,1.9061
586,2-4h,3.9147
586,2-4h,2.5064
586,2-4h,6.9274
586,2-4h,3.3728
586,2-4h,4.2411
586,2-4h,4.8202
586,2-4h,4.5493
586,2-4h,3.1276
586,2-4h,4.2311
586,2-4h,5.7081
586,2-4h,3.5283
586,2-4h,6.8368
586,2-4h,1.3768
586,2-4h,5.8726
586,2-4h,1.5124
586,2-4h,3.1171
586,2-4h,2.5908
586,2-4h,2.1145
586,4-6h,3.0955
586,4-6h,4.7866
586,4-6h,6.5879
586,4-6h,8.4939
586,4-6h,1.7212
586,4-6h,3.913
586,4-6h,6.2368
586,4-6h,5.5166
586,4-6h,5.5469
586,4-6h,3.6602
586,4-6h,9.8706
586,4-6h,6.1157
586,4-6h,7.826
586,4-6h,3.9078
586,4-6h,3.7338
586,4-6h,6.5337
586,4-6h,8.3851
586,4-6h,6.2488
586,4-6h,9.8226
586,4-6h,4.828
586,4-6h,2.1889
586,4-6h,5.0625
586,4-6h,3.52
586,4-6h,7.0126
586,4-6h,7.3128
915,0-2h,1.06
915,0-2h,2.6596
915,0-2h,1.6333
915,0-2h,1.2764
915,0-2h,2.3469
915,0-2h,1.208
915,0-2h,1.8227
915,0-2h,2.7034
915,0-2h,1.7602
915,0-2h,2.0055
915,0-2h,1.5834
915,0-2h,2.7839
915,0-2h,1.0268
915,0-2h,2.0744
915,0-2h,1.5652
915,0-2h,2.0455
915,0-2h,1.2143
915,0-2h,1.0231
915,0-2h,1.8378
915,0-2h,1.7158
915,0-2h,1.8453
915,0-2h,2.154
915,0-2h,1.568
915,0-2h,2.121
915,0-2h,1.9879
915,2-4h,4.8937
915,2-4h,4.0259
915,2-4h,3.2453
915,2-4h,2.8237
915,2-4h,2.5059
915,2-4h,5.1009
915,2-4h,2.4093
915,2-4h,1.2861
915,2-4h,2.099
915,2-4h,2.5614
915,2-4h,2.7216
915,2-4h,1.5317
915,2-4h,2.9495
915,2-4h,1.6937
915,2-4h,3.371
915,2-4h,1.6026
915,2-4h,1.3634
915,2-4h,1.9597
915,2-4h,2.3899
915,2-4h,2.9259
915,2-4h,2.0792
915,2-4h,2.3787
915,2-4h,2.4664
915,2-4h,4.8432
915,2-4h,2.532
915,4-6h,11.9898
915,4-6h,3.2762
915,4-6h,1.3399
915,4-6h,2.8899
915,4-6h,2.7288
915,4-6h,5.7937
915,4-6h,3.2114
915,4-6h,4.4728
915,4-6h,7.1448
915,4-6h,5.9658
915,4-6h,6.5953
915,4-6h,3.4424
915,4-6h,6.0262
915,4-6h,6.6924
915,4-6h,2.2988
915,4-6h,2.853
915,4-6h,3.7824
915,4-6h,6.8416
915,4-6h,4.3385
915,4-6h,7.2132
915,4-6h,4.1857
915,4-6h,3.2441
915,4-6h,4.3503
915,4-6h,4.0897
915,4-6h,4.0696
944,0-2h,1.3434
944,0-2h,1.7935
944,0-2h,1.3864
944,0-2h,0.5027
944,0-2h,0.926
944,0-2h,3.1711
944,0-2h,2.4918
944,0-2h,3.9124
944,0-2h,1.1964
944,0-2h,2.7134
944,0-2h,2.4566
944,0-2h,1.842
944,0-2h,0.7711
944,0-2h,1.3613
944,0-2h,1.7236
944,0-2h,1.732
944,0-2h,1.9391
944,0-2h,1.0415
944,0-2h,1.4685
944,0-2h,0.9449
944,0-2h,1.8094
944,0-2h,2.9335
944,0-2h,1.5056
944,0-2h,1.7468
944,0-2h,1.7562
944,2-4h,1.2558
944,2-4h,1.9955
944,2-4h,2.9829
944,2-4h,3.9078
944,2-4h,6.4081
944,2-4h,2.9366
944,2-4h,1.1118
944,2-4h,1.1621
944,2-4h,6.7941
944,2-4h,4.6171
944,2-4h,2.5061
944,2-4h,1.4415
944,2-4h,2.6978
944,2-4h,2.7465
944,2-4h,1.4762
944,2-4h,2.444
944,2-4h,2.9987
944,2-4h,3.8689
944,2-4h,2.2804
944,2-4h,2.7397
944,2-4h,5.3534
944,2-4h,2.1926
944,2-4h,2.4069
944,2-4h,3.7628
944,2-4h,2.9359
944,4-6h,4.6722
944,4-6h,13.3385
944,4-6h,6.9539
944,4-6h,4.1982
944,4-6h,2.6559
944,4-6h,4.1841
944,4-6h,2.5214
944,4-6h,3.2
944,4-6h,1.6169
944,4-6h,2.0414
944,4-6h,7.3901
944,4-6h,4.123
944,4-6h,3.8733
944,4-6h,2.6653
944,4-6h,4.5372
944,4-6h,4.7888
944,4-6h,5.6689
944,4-6h,3.5858
944,4-6h,4.1231
944,4-6h,3.505
944,4-6h,5.4451
944,4-6h,2.5512
944,4-6h,8.287
944,4-6h,2.5364
944,4-6h,5.5955
867,0-2h,1.0094
867,0-2h,1.0778
867,0-2h,2.2178
867,0-2h,2.0669
867,0-2h,2.8587
867,0-2h,1.5984
867,0-2h,1.5688
867,0-2h,1.193
867,0-2h,2.2485
867,0-2h,3.2336
867,0-2h,2.3655
867,0-2h,2.3142
867,0-2h,1.3496
867,0-2h,1.3721
867,0-2h,1.8573
867,0-2h,1.4811
867,0-2h,5.1553
867,0-2h,2.079
867,0-2h,2.0192
867,0-2h,1.7576
867,0-2h,3.3808
867,0-2h,2.0593
867,0-2h,3.1554
867,0-2h,1.9416
867,0-2h,2.4228
867,2-4h,5.2393
867,2-4h,4.3811
867,2-4h,3.2769
867,2-4h,1.3702
867,2-4h,7.7743
867,2-4h,4.3438
867,2-4h,5.0611
867,2-4h,1.6799
867,2-4h,3.0909
867,2-4h,1.9507
867,2-4h,2.6223
867,2-4h,2.7352
867,2-4h,3.7727
867,2-4h,1.8076
867,2-4h,3.1378
867,2-4h,2.7928
867,2-4h,1.3456
867,2-4h,3.7325
867,2-4h,3.5012
867,2-4h,6.9134
867,2-4h,5.2624
867,2-4h,3.4874
867,2-4h,3.2111
867,2-4h,2.0638
867,2-4h,3.1976
867,4-6h,3.5001
867,4-6h,5.4865
867,4-6h,9.6195
867,4-6h,3.1582
867,4-6h,4.9835
867,4-6h,8.1415
867,4-6h,6.2082
867,4-6h,2.8492
867,4-6h,5.9839
867,4-6h,8.9133
867,4-6h,3.4817
867,4-6h,4.7224
867,4-6h,4.9112
867,4-6h,5.7163
867,4-6h,3.5017
867,4-6h,2.8906
867,4-6h,7.4783
867,4-6h,3.3094
867,4-6h,4.5146
867,4-6h,4.7799
867,4-6h,14.2231
867,4-6h,3.4255
867,4-6h,4.8252
867,4-6h,4.9731
867,4-6h,2.6775
637,0-2h,1.359
637,0-2h,1.4326
637,0-2h,1.6539
637,0-2h,2.6753
637,0-2h,1.8143
637,0-2h,2.1402
637,0-2h,1.7315
637,0-2h,4.0508
637,0-2h,1.78
637,0-2h,1.3787
637,0-2h,2.6729
637,0-2h,1.1853
637,0-2h,0.7748
637,0-2h,1.0629
637,0-2h,1.614
637,0-2h,1.2543
637,0-2h,2.1391
637,0-2h,1.9752
637,0-2h,2.0209
637,0-2h,1.3568
637,0-2h,5.1481
637,0-2h,1.7239
637,0-2h,2.4575
637,0-2h,1.5849
637,0-2h,1.6504
637,2-4h,2.2731
637,2-4h,1.5698
637,2-4h,1.4235
637,2-4h,5.3872
637,2-4h,2.93
637,2-4h,2.8158
637,2-4h,2.4103
637,2-4h,3.5327
637,2-4h,1.5776
637,2-4h,1.0555
637,2-4h,2.542
637,2-4h,3.9092
637,2-4h,3.0916
637,2-4h,2.3052
637,2-4h,2.1355
637,2-4h,1.9548
637,2-4h,2.2532
637,2-4h,3.2895
637,2-4h,4.309
637,2-4h,4.1062
637,2-4h,2.2274
637,2-4h,2.2775
637,2-4h,1.8788
637,2-4h,1.8577
637,2-4h,3.3188
637,4-6h,2.1961
637,4-6h,7.1715
637,4-6h,8.0948
637,4-6h,5.505
637,4-6h,3.946
637,4-6h,8.7643
637,4-6h,4.0237
637,4-6h,5.5295
637,4-6h,5.4167
637,4-6h,4.1343
637,4-6h,3.2903
637,4-6h,3.1799
637,4-6h,5.8365
637,4-6h,5.0733
637,4-6h,8.4596
637,4-6h,4.8659
637,4-6h,2.1534
637,4-6h,1.7075
637,4-6h,6.1877
637,4-6h,3.8582
637,4-6h,13.2478
637,4-6h,4.9441
637,4-6h,7.5605
637,4-6h,2.6776
637,4-6h,3.3648
603,0-2h,1.5976
603,0-2h,1.1684
603,0-2h,1.8146
603,0-2h,1.7762
603,0-2h,1.7874
603,0-2h,1.3124
603,0-2h,1.3149
603,0-2h,0.8324
603,0-2h,2.5763
603,0-2h,1.3194
603,0-2h,2.4752
603,0-2h,2.8749
603,0-2h,1.2362
603,0-2h,2.1625
603,0-2h,2.3592
603,0-2h,2.5817
603,0-2h,1.3291
603,0-2h,1.3021
603,0-2h,5.698
603,0-2h,1.0221
603,0-2h,1.4525
603,0-2h,1.8364
603,0-2h,1.7736
603,0-2h,2.1649
603,0-2h,1.8147
603,2-4h,3.3875
603,2-4h,4.9874
603,2-4h,1.5238
603,2-4h,2.0978
603,2-4h,7.1836
603,2-4h,1.9841
603,2-4h,2.0774
603,2-4h,4.7681
603,2-4h,2.8837
603,2-4h,3.8065
603,2-4h,2.5639
603,2-4h,3.553
603,2-4h,3.124
603,2-4h,2.4238
603,2-4h,4.0316
603,2-4h,4.166
603,2-4h,6.2341
603,2-4h,3.4347
603,2-4h,3.6294
603,2-4h,7.2425
603,2-4h,2.6616
603,2-4h,1.609
603,2-4h,4.6239
603,2-4h,3.0624
603,2-4h,3.3159
603,4-6h,2.198
603,4-6h,5.0683
603,4-6h,2.5248
603,4-6h,10.4246
603,4-6h,2.8584
603,4-6h,2.1913
603,4-6h,10.6705
603,4-6h,3.0536
603,4-6h,6.9046
603,4-6h,9.1617
603,4-6h,1.3307
603,4-6h,3.7513
603,4-6h,11.2568
603,4-6h,6.4753
603,4-6h,4.1747
603,4-6h,5.8237
603,4-6h,3.1284
603,4-6h,3.5915
603,4-6h,3.7005
603,4-6h,7.9891
603,4-6h,4.1337
603,4-6h,7.2112
603,4-6h,4.7812
603,4-6h,2.2149
603,4-6h,6.0118
635,0-2h,2.4899
635,0-2h,2.0008
635,0-2h,2.2843
635,0-2h,3.7814
635,0-2h,3.0278
635,0-2h,1.5845
635,0-2h,1.4343
635,0-2h,2.8929
635,0-2h,1.7211
635,0-2h,2.4977
635,0-2h,0.9009
635,0-2h,1.7618
635,0-2h,2.7538
635,0-2h,3.8814
635,0-2h,2.1381
635,0-2h,1.3051
635,0-2h,1.54
635,0-2h,2.3379
635,0-2h,1.3749
635,0-2h,1.4787
635,0-2h,1.2326
635,0-2h,1.2145
635,0-2h,2.6899
635,0-2h,1.7891
635,0-2h,2.6832
635,2-4h,3.3464
635,2-4h,4.3138
635,2-4h,3.9562
635,2-4h,3.567
635,2-4h,3.7075
635,2-4h,1.8796
635,2-4h,2.8805
635,2-4h,8.6394
635,2-4h,2.2795
635,2-4h,2.2807
635,2-4h,3.2867
635,2-4h,2.5162
635,2-4h,2.1728
635,2-4h,4.5392
635,2-4h,3.2895
635,2-4h,6.5294
635,2-4h,3.2296
635,2-4h,5.3479
635,2-4h,3.6111
635,2-4h,1.5657
635,2-4h,3.5137
635,2-4h,1.7038
635,2-4h,1.786
635,2-4h,3.3045
635,2-4h,2.5092
635,4-6h,2.9173
635,4-6h,6.746
635,4-6h,7.2191
635,4-6h,6.1863
635,4-6h,1.7869
635,4-6h,5.3952
635,4-6h,5.0673
635,4-6h,3.2565
635,4-6h,2.4364
635,4-6h,3.1673
635,4-6h,4.0328
635,4-6h,3.9026
635,4-6h,6.7402
635,4-6h,1.3922
635,4-6h,4.2777
635,4-6h,4.4
635,4-6h,15.0774
635,4-6h,4.2607
635,4-6h,1.8977
635,4-6h,3.7664
635,4-6h,2.316
635,4-6h,3.2843
635,4-6h,5.6328
635,4-6h,5.9554
635,4-6h,5.9332
225,0-2h,1.4241
225,0-2h,2.868
225,0-2h,2.0454
225,0-2h,1.2681
225,0-2h,1.5474
225,0-2h,3.0562
225,0-2h,1.6382
225,0-2h,1.7327
225,0-2h,3.4886
225,0-2h,1.1116
225,0-2h,3.1383
225,0-2h,1.72
225,0-2h,1.3131
225,0-2h,1.7606
225,0-2h,2.1693
225,0-2h,2.621
225,0-2h,3.1324
225,0-2h,2.5675
225,0-2h,2.9655
225,0-2h,1.7133
225,0-2h,0.9304
225,0-2h,1.836
225,0-2h,2.0626
225,0-2h,1.4834
225,0-2h,1.37
225,2-4h,2.0229
225,2-4h,2.7724
225,2-4h,2.769
225,2-4h,2.7752
225,2-4h,1.6592
225,2-4h,5.4025
225,2-4h,2.8679
225,2-4h,2.2419
225,2-4h,1.2723
225,2-4h,1.0988
225,2-4h,2.2874
225,2-4h,3.1797
225,2-4h,2.9807
225,2-4h,1.9517
225,2-4h,2.9817
225,2-4h,3.9843
225,2-4h,3.4242
225,2-4h,3.7916
225,2-4h,5.4446
225,2-4h,1.4831
225,2-4h,2.4627
225,2-4h,2.6698
225,2-4h,4.4763
225,2-4h,2.0608
225,2-4h,5.6429
225,4-6h,2.8676
225,4-6h,3.3641
225,4-6h,5.2686
225,4-6h,1.8961
225,4-6h,7.8571
225,4-6h,3.1297
225,4-6h,5.0468
225,4-6h,7.033
225,4-6h,4.9442
225,4-6h,6.6695
225,4-6h,3.3415
225,4-6h,3.6048
225,4-6h,8.0421
225,4-6h,5.27
225,4-6h,2.5198
225,4-6h,1.9682
225,4-6h,2.4962
225,4-6h,2.6159
225,4-6h,3.9446
225,4-6h,1.5992
225,4-6h,2.8908
225,4-6h,3.5255
225,4-6h,10.9773
225,4-6h,3.1116
225,4-6h,1.3651
322,0-2h,1.0013
322,0-2h,2.5975
322,0-2h,1.4879
322,0-2h,1.8921
322,0-2h,1.7597
322,0-2h,1.9866
322,0-2h,1.2436
322,0-2h,0.8964
322,0-2h,3.8707
322,0-2h,1.5501
322,0-2h,0.7554
322,0-2h,1.6544
322,0-2h,1.4436
322,0-2h,2.178
322,0-2h,1.2693
322,0-2h,1.1382
322,0-2h,1.6744
322,0-2h,1.0274
322,0-2h,2.6346
322,0-2h,2.6696
322,0-2h,1.8941
322,0-2h,2.5975
322,0-2h,1.6651
322,0-2h,2.3292
322,0-2h,0.9718
322,2-4h,1.2097
322,2-4h,4.5281
322,2-4h,6.5435
322,2-4h,1.6292
322,2-4h,2.4656
322,2-4h,4.4719
322,2-4h,2.8788
322,2-4h,2.477
322,2-4h,2.7802
322,2-4h,5.7975
322,2-4h,3.378
322,2-4h,3.4124
322,2-4h,2.9841
322,2-4h,2.5528
322,2-4h,2.2566
322,2-4h,1.845
322,2-4h,3.3669
322,2-4h,4.2423
322,2-4h,2.8952
322,2-4h,1.7352
322,2-4h,7.0752
322,2-4h,4.3225
322,2-4h,3.1462
322,2-4h,1.7199
322,2-4h,3.829
322,4-6h,2.2252
322,4-6h,8.0119
322,4-6h,5.0829
322,4-6h,6.134
322,4-6h,3.3089
322,4-6h,5.394
322,4-6h,2.7391
322,4-6h,4.0335
322,4-6h,3.7401
322,4-6h,3.398
322,4-6h,3.9124
322,4-6h,7.6783
322,4-6h,4.5397
322,4-6h,11.2331
322,4-6h,4.5103
322,4-6h,12.4156
322,4-6h,4.1583
322,4-6h,2.7491
322,4-6h,3.2789
322,4-6h,11.3629
322,4-6h,8.1355
322,4-6h,2.6033
322,4-6h,5.4031
322,4-6h,5.4255
322,4-6h,6.6406
464,0-2h,0.9097
464,0-2h,1.3252
464,0-2h,1.6248
464,0-2h,1.364
464,0-2h,1.8785
464,0-2h,1.6425
464,0-2h,3.6969
464,0-2h,2.0193
464,0-2h,2.9364
464,0-2h,1.5427
464,0-2h,1.8809
464,0-2h,2.027
464,0-2h,1.1877
464,0-2h,2.1219
464,0-2h,1.674
464,0-2h,1.2496
464,0-2h,1.3773
464,0-2h,1.6307
464,0-2h,1.7463
464,0-2h,1.9328
464,0-2h,1.8742
464,0-2h,2.8378
464,0-2h,1.4425
464,0-2h,2.7383
464,0-2h,1.6748
464,2-4h,1.789
464,2-4h,4.2388
464,2-4h,5.5033
464,2-4h,4.4513
464,2-4h,5.1329
464,2-4h,2.1732
464,2-4h,2.5155
464,2-4h,1.9452
464,2-4h,3.6946
464,2-4h,1.9471
464,2-4h,4.3591
464,2-4h,3.7726
464,2-4h,3.8976
464,2-4h,3.0091
464,2-4h,2.1775
464,2-4h,1.946
464,2-4h,3.2891
464,2-4h,3.1863
464,2-4h,3.0292
464,2-4h,5.6689
464,2-4h,4.2163
464,2-4h,4.9508
464,2-4h,4.549
464,2-4h,2.4572
464,2-4h,2.6197
464,4-6h,4.5502
464,4-6h,5.4899
464,4-6h,6.9744
464,4-6h,4.4365
464,4-6h,4.4707
464,4-6h,3.3044
464,4-6h,5.5847
464,4-6h,6.2502
464,4-6h,1.7008
464,4-6h,3.6113
464,4-6h,15.185
464,4-6h,7.6762
464,4-6h,1.6805
464,4-6h,4.7896
464,4-6h,4.0907
464,4-6h,6.6227
464,4-6h,4.0053
464,4-6h,6.3282
464,4-6h,4.7114
464,4-6h,7.9312
464,4-6h,3.5053
464,4-6h,6.6668
464,4-6h,4.6968
464,4-6h,1.8141
464,4-6h,2.9378
102,0-2h,2.949
102,0-2h,1.2043
102,0-2h,1.0062
102,0-2h,1.56
102,0-2h,0.9339
102,0-2h,1.1397
102,0-2h,0.9464
102,0-2h,0.9856
102,0-2h,1.4605
102,0-2h,1.4578
102,0-2h,1.1513
102,0-2h,4.1244
102,0-2h,1.4256
102,0-2h,1.5041
102,0-2h,1.7852
102,0-2h,1.823
102,0-2h,1.3527
102,0-2h,1.0999
102,0-2h,2.86
102,0-2h,1.5309
102,0-2h,1.3085
102,0-2h,1.175
102,0-2h,1.9053
102,0-2h,2.0693
102,0-2h,1.4978
102,2-4h,3.7835
102,2-4h,4.6252
102,2-4h,2.8329
102,2-4h,4.2968
102,2-4h,4.1193
102,2-4h,2.0168
102,2-4h,2.4803
102,2-4h,1.4937
102,2-4h,4.4933
102,2-4h,2.0959
102,2-4h,13.5644
102,2-4h,2.1284
102,2-4h,4.4388
102,2-4h,4.0254
102,2-4h,2.602
102,2-4h,4.3869
102,2-4h,3.7199
102,2-4h,2.1192
102,2-4h,4.0744
102,2-4h,1.714
102,2-4h,2.4326
102,2-4h,2.6066
102,2-4h,2.5663
102,2-4h,1.6902
102,2-4h,1.8355
102,4-6h,7.5637
102,4-6h,2.7554
102,4-6h,5.3918
102,4-6h,2.6675
102,4-6h,7.2042
102,4-6h,4.6724
102,4-6h,3.8069
102,4-6h,4.7546
102,4-6h,7.1362
102,4-6h,3.5842
102,4-6h,3.848
102,4-6h,4.8605
102,4-6h,2.5439
102,4-6h,4.152
102,4-6h,7.4741
102,4-6h,6.5127
102,4-6h,3.8702
102,4-6h,6.6919
102,4-6h,6.6071
102,4-6h,6.3925
102,4-6h,1.931
102,4-6h,5.1958
102,4-6h,4.1253
102,4-6h,8.5121
102,4-6h,4.1536
65,0-2h,1.9951
65,0-2h,2.0409
65,0-2h,1.8228
65,0-2h,1.4415
65,0-2h,2.1421
65,0-2h,1.2334
65,0-2h,2.6088
65,0-2h,2.4976
65,0-2h,1.6704
65,0-2h,2.1735
65,0-2h,1.191
65,0-2h,1.997
65,0-2h,2.415
65,0-2h,1.2753
65,0-2h,1.3739
65,0-2h,0.9089
65,0-2h,1.7953
65,0-2h,1.7429
65,0-2h,2.5235
65,0-2h,1.0317
65,0-2h,2.001
65,0-2h,1.355
65,0-2h,4.1277
65,0-2h,1.2212
65,0-2h,1.8249
65,2-4h,2.3394
65,2-4h,1.8862
65,2-4h,3.9519
65,2-4h,3.8322
65,2-4h,2.618
65,2-4h,3.0257
65,2-4h,4.6396
65,2-4h,3.2932
65,2-4h,2.889
65,2-4h,1.5763
65,2-4h,2.2096
65,2-4h,4.4797
65,2-4h,1.8051
65,2-4h,1.8753
65,2-4h,2.8686
65,2-4h,2.8596
65,2-4h,5.1597
65,2-4h,4.7971
65,2-4h,3.5652
65,2-4h,5.6226
65,2-4h,2.3882
65,2-4h,1.7451
65,2-4h,3.0778
65,2-4h,3.2285
65,2-4h,2.3787
65,4-6h,2.5187
65,4-6h,6.1986
65,4-6h,2.3207
65,4-6h,2.639
65,4-6h,5.7765
65,4-6h,2.5357
65,4-6h,5.8854
65,4-6h,4.7082
65,4-6h,15.0715
65,4-6h,8.464
65,4-6h,4.4373
65,4-6h,3.5855
65,4-6h,2.6519
65,4-6h,3.1185
65,4-6h,2.7758
65,4-6h,2.8561
65,4-6h,4.7951
65,4-6h,5.0927
65,4-6h,6.5124
65,4-6h,6.7439
65,4-6h,9.149
65,4-6h,9.9538
65,4-6h,7.0685
65,4-6h,7.792
65,4-6h,3.5836
938,0-2h,2.4414
938,0-2h,1.8112
938,0-2h,1.4223
938,0-2h,1.6422
938,0-2h,1.2862
938,0-2h,1.2054
938,0-2h,1.5119
938,0-2h,1.6143
938,0-2h,2.3863
938,0-2h,2.4332
938,0-2h,3.0903
938,0-2h,3.5468
938,0-2h,1.4297
938,0-2h,3.4196
938,0-2h,0.8078
938,0-2h,1.1622
938,0-2h,2.6684
938,0-2h,0.9409
938,0-2h,1.3638
938,0-2h,1.4686
938,0-2h,2.804
938,0-2h,2.1288
938,0-2h,2.6755
938,0-2h,1.2212
938,0-2h,1.5591
938,2-4h,3.4701
938,2-4h,6.2067
938,2-4h,1.6652
938,2-4h,3.8768
938,2-4h,3.3152
938,2-4h,3.9893
938,2-4h,3.2302
938,2-4h,2.599
938,2-4h,9.9615
938,2-4h,1.5077
938,2-4h,1.9401
938,2-4h,2.6251
938,2-4h,2.3865
938,2-4h,3.3833
938,2-4h,2.9438
938,2-4h,1.76
938,2-4h,3.1162
938,2-4h,3.5779
938,2-4h,1.7299
938,2-4h,7.2716
938,2-4h,3.6558
938,2-4h,3.6404
938,2-4h,2.9344
938,2-4h,2.1543
938,2-4h,1.9107
938,4-6h,5.2723
938,4-6h,8.0655
938,4-6h,3.5972
938,4-6h,3.278
938,4-6h,4.463
938,4-6h,8.1246
938,4-6h,3.9917
938,4-6h,5.873
938,4-6h,5.1916
938,4-6h,1.8192
938,4-6h,5.5741
938,4-6h,9.1839
938,4-6h,6.527
938,4-6h,3.643
938,4-6h,4.7419
938,4-6h,2.3153
938,4-6h,4.3717
938,4-6h,3.7124
938,4-6h,2.3349
938,4-6h,2.9333
938,4-6h,1.531
938,4-6h,3.9439
938,4-6h,2.1525
938,4-6h,8.6881
938,4-6h,4.0581
19,0-2h,1.6115
19,0-2h,3.2217
19,0-2h,1.4665
19,0-2h,2.6824
19,0-2h,1.828
19,0-2h,0.7514
19,0-2h,1.6102
19,0-2h,1.5879
19,0-2h,1.4528
19,0-2h,1.7074
19,0-2h,2.3851
19,0-2h,1.6573
19,0-2h,2.6985
19,0-2h,1.6617
19,0-2h,2.4092
19,0-2h,1.5034
19,0-2h,0.9463
19,0-2h,3.9212
19,0-2h,2.6584
19,0-2h,1.067
19,0-2h,2.9297
19,0-2h,0.9473
19,0-2h,1.7073
19,0-2h,2.2066
19,0-2h,0.9696
19,2-4h,3.6183
19,2-4h,1.8527
19,2-4h,1.52
19,2-4h,3.1787
19,2-4h,1.7249
19,2-4h,2.7559
19,2-4h,1.5404
19,2-4h,4.4308
19,2-4h,1.7525
19,2-4h,3.3271
19,2-4h,1.5182
19,2-4h,6.8844
19,2-4h,1.4866
19,2-4h,2.0698
19,2-4h,2.4172
19,2-4h,5.9673
19,2-4h,2.6839
19,2-4h,3.6915
19,2-4h,3.8623
19,2-4h,2.109
19,2-4h,1.2539
19,2-4h,3.5525
19,2-4h,3.1339
19,2-4h,3.4955
19,2-4h,2.8629
19,4-6h,2.4088
19,4-6h,5.4031
19,4-6h,4.8616
19,4-6h,7.4033
19,4-6h,3.999
19,4-6h,4.2199
19,4-6h,4.6999
19,4-6h,5.2318
19,4-6h,4.0549
19,4-6h,1.8984
19,4-6h,9.4809
19,4-6h,2.7161
19,4-6h,3.8898
19,4-6h,11.4326
19,4-6h,4.7758
19,4-6h,4.0424
19,4-6h,4.7013
19,4-6h,9.1846
19,4-6h,8.1878
19,4-6h,3.7303
19,4-6h,9.668
19,4-6h,4.5624
19,4-6h,7.6291
19,4-6h,5.2202
19,4-6h,6.3421
699,0-2h,1.0545
699,0-2h,1.47
699,0-2h,1.5277
699,0-2h,0.5841
699,0-2h,0.6994
699,0-2h,1.0502
699,0-2h,2.0992
699,0-2h,1.1219
699,0-2h,2.055
699,0-2h,4.2832
699,0-2h,1.335
699,0-2h,1.0182
699,0-2h,2.1873
699,0-2h,1.6665
699,0-2h,1.2836
699,0-2h,0.6283
699,0-2h,1.6464
699,0-2h,1.5326
699,0-2h,2.1646
699,0-2h,1.5833
699,0-2h,1.9677
699,0-2h,1.1722
699,0-2h,1.8686
699,0-2h,1.9104
699,0-2h,2.1582
699,2-4h,1.2934
699,2-4h,2.7153
699,2-4h,2.8814
699,2-4h,3.2209
699,2-4h,2.3954
699,2-4h,3.3065
699,2-4h,3.4328
699,2-4h,3.7507
699,2-4h,4.7086
699,2-4h,2.0207
699,2-4h,3.0176
699,2-4h,4.6613
699,2-4h,2.6864
699,2-4h,5.6076
699,2-4h,2.8679
699,2-4h,1.9782
699,2-4h,1.5107
699,2-4h,2.7613
699,2-4h,2.1305
699,2-4h,1.8806
699,2-4h,3.3036
699,2-4h,2.5762
699,2-4h,4.7248
699,2-4h,3.1692
699,2-4h,1.4974
699,4-6h,3.4525
699,4-6h,1.956
699,4-6h,3.5275
699,4-6h,3.7959
699,4-6h,18.2149
699,4-6h,3.2168
699,4-6h,4.7711
699,4-6h,4.2108
699,4-6h,8.5235
699,4-6h,5.12
699,4-6h,3.2938
699,4-6h,4.6517
699,4-6h,3.6895
699,4-6h,3.9505
699,4-6h,1.6966
699,4-6h,9.2235
699,4-6h,4.51
699,4-6h,4.2963
699,4-6h,5.7453
699,4-6h,4.6984
699,4-6h,3.9631
699,4-6h,4.7322
699,4-6h,3.2033
699,4-6h,5.9857
699,4-6h,7.3604
554,0-2h,3.1488
554,0-2h,2.5322
554,0-2h,2.0696
554,0-2h,2.2729
554,0-2h,3.7684
554,0-2h,1.0286
554,0-2h,1.9161
554,0-2h,1.1378
554,0-2h,1.8808
554,0-2h,1.625
554,0-2h,1.5752
554,0-2h,0.957
554,0-2h,1.901
554,0-2h,1.3858
554,0-2h,1.9473
554,0-2h,1.4014
554,0-2h,2.0884
554,0-2h,2.1895
554,0-2h,3.1633
554,0-2h,1.494
554,0-2h,2.507
554,0-2h,1.0633
554,0-2h,1.3347
554,0-2h,1.5774
554,0-2h,1.1842
554,2-4h,1.4298
554,2-4h,3.9409
554,2-4h,2.0773
554,2-4h,2.4559
554,2-4h,2.7901
554,2-4h,3.3426
554,2-4h,3.3781
554,2-4h,5.071
554,2-4h,2.0263
554,2-4h,3.0679
554,2-4h,3.8966
554,2-4h,3.4848
554,2-4h,4.2311
554,2-4h,2.1569
554,2-4h,3.02
554,2-4h,3.0638
554,2-4h,5.446
554,2-4h,6.0848
554,2-4h,2.1026
554,2-4h,5.0179
554,2-4h,1.4279
554,2-4h,6.2834
554,2-4h,4.7865
554,2-4h,6.2138
554,2-4h,6.6481
554,4-6h,6.1582
554,4-6h,5.0231
554,4-6h,2.5064
554,4-6h,4.5909
554,4-6h,7.2134
554,4-6h,3.473
554,4-6h,7.9292
554,4-6h,7.4552
554,4-6h,3.161
554,4-6h,4.3741
554,4-6h,3.0103
554,4-6h,5.1693
554,4-6h,2.3794
554,4-6h,9.6567
554,4-6h,5.4323
554,4-6h,4.337
554,4-6h,7.0595
554,4-6h,5.5924
554,4-6h,4.3873
554,4-6h,5.7667
554,4-6h,6.5885
554,4-6h,2.7278
554,4-6h,4.7153
554,4-6h,1.884
554,4-6h,4.0956
385,0-2h,2.6403
385,0-2h,2.4048
385,0-2h,1.7036
385,0-2h,2.1721
385,0-2h,1.2196
385,0-2h,0.92
385,0-2h,2.824
385,0-2h,1.5753
385,0-2h,0.9013
385,0-2h,1.3562
385,0-2h,2.3259
385,0-2h,2.4711
385,0-2h,1.31
385,0-2h,4.8651
385,0-2h,2.0967
385,0-2h,1.964
385,0-2h,0.7742
385,0-2h,1.6052
385,0-2h,1.634
385,0-2h,3.1615
385,0-2h,1.1421
385,0-2h,0.9306
385,0-2h,2.7537
385,0-2h,0.7317
385,0-2h,1.8348
385,2-4h,3.9279
385,2-4h,2.0534
385,2-4h,2.076
385,2-4h,4.1318
385,2-4h,2.8944
385,2-4h,5.2564
385,2-4h,2.8452
385,2-4h,3.144
385,2-4h,3.0674
385,2-4h,2.8954
385,2-4h,2.3071
385,2-4h,3.9886
385,2-4h,5.7955
385,2-4h,2.6085
385,2-4h,1.6936
385,2-4h,6.0511
385,2-4h,2.4202
385,2-4h,2.2331
385,2-4h,5.7057
385,2-4h,2.7179
385,2-4h,3.9104
385,2-4h,2.7363
385,2-4h,0.6138
385,2-4h,4.2211
385,2-4h,2.673
385,4-6h,6.7516
385,4-6h,5.4711
385,4-6h,2.9154
385,4-6h,7.8502
385,4-6h,4.8937
385,4-6h,8.5546
385,4-6h,4.6151
385,4-6h,13.9997
385,4-6h,5.8372
385,4-6h,3.123
385,4-6h,9.1535
385,4-6h,2.919
385,4-6h,8.5086
385,4-6h,7.2487
385,4-6h,1.9358
385,4-6h,4.4062
385,4-6h,3.5408
385,4-6h,13.7768
385,4-6h,3.7734
385,4-6h,9.0221
385,4-6h,3.2542
385,4-6h,4.1399
385,4-6h,4.8601
385,4-6h,3.2386
385,4-6h,4.0906
539,0-2h,1.1794
539,0-2h,1.4894
539,0-2h,2.142
539,0-2h,0.9761
539,0-2h,2.584
539,0-2h,3.4308
539,0-2h,2.2382
539,0-2h,1.5031
539,0-2h,1.3777
539,0-2h,1.7909
539,0-2h,2.6678
539,0-2h,1.1465
539,0-2h,2.582
539,0-2h,2.0224
539,0-2h,3.5943
539,0-2h,2.9986
539,0-2h,1.3138
539,0-2h,1.483
539,0-2h,0.8542
539,0-2h,2.2137
539,0-2h,1.7078
539,0-2h,2.2861
539,0-2h,1.8072
539,0-2h,1.5941
539,0-2h,1.299
539,2-4h,2.8614
539,2-4h,3.2506
539,2-4h,5.7141
539,2-4h,7.4759
539,2-4h,2.2258
539,2-4h,1.7469
539,2-4h,4.7376
539,2-4h,4.4667
539,2-4h,3.1319
539,2-4h,2.1935
539,2-4h,2.6011
539,2-4h,2.016
539,2-4h,3.3914
539,2-4h,7.4601
539,2-4h,2.1147
539,2-4h,5.9182
539,2-4h,1.8434
539,2-4h,1.999
539,2-4h,3.7065
539,2-4h,2.3362
539,2-4h,3.0855
539,2-4h,6.0881
539,2-4h,1.8725
539,2-4h,2.7963
539,2-4h,2.0367
539,4-6h,5.5639
539,4-6h,3.352
539,4-6h,4.9156
539,4-6h,7.8825
539,4-6h,4.3495
539,4-6h,4.7223
539,4-6h,11.0721
539,4-6h,5.7144
539,4-6h,4.2767
539,4-6h,6.8271
539,4-6h,3.9708
539,4-6h,5.9671
539,4-6h,9.8773
539,4-6h,4.955
539,4-6h,4.411
539,4-6h,4.7059
539,4-6h,3.2663
539,4-6h,6.7127
539,4-6h,1.756
539,4-6h,5.6485
539,4-6h,3.6397
539,4-6h,2.644
539,4-6h,11.7664
539,4-6h,3.6747
539,4-6h,7.3432
383,0-2h,1.9538
383,0-2h,1.6242
383,0-2h,1.7865
383,0-2h,3.0721
383,0-2h,1.167
383,0-2h,2.161
383,0-2h,1.9726
383,0-2h,1.7714
383,0-2h,2.3844
383,0-2h,1.7118
383,0-2h,1.691
383,0-2h,2.02
383,0-2h,1.7014
383,0-2h,1.3681
383,0-2h,1.2883
383,0-2h,1.9164
383,0-2h,5.1468
383,0-2h,2.2359
383,0-2h,1.713
383,0-2h,2.4922
383,0-2h,1.231
383,0-2h,0.7386
383,0-2h,1.6322
383,0-2h,1.4171
383,0-2h,1.8916
383,2-4h,2.6755
383,2-4h,5.7131
383,2-4h,5.3357
383,2-4h,3.9307
383,2-4h,3.9022
383,2-4h,2.1006
383,2-4h,6.1541
383,2-4h,3.196
383,2-4h,6.9943
383,2-4h,2.3631
383,2-4h,4.6709
383,2-4h,3.8316
383,2-4h,2.8259
383,2-4h,2.9202
383,2-4h,5.6281
383,2-4h,1.4529
383,2-4h,7.445
383,2-4h,3.6697
383,2-4h,2.3581
383,2-4h,2.5
383,2-4h,2.083
383,2-4h,1.7054
383,2-4h,2.3121
383,2-4h,3.1027
383,2-4h,4.1423
383,4-6h,2.4989
383,4-6h,4.0863
383,4-6h,3.9865
383,4-6h,2.9487
383,4-6h,8.6448
383,4-6h,5.3846
383,4-6h,2.9286
383,4-6h,5.0612
383,4-6h,2.5376
383,4-6h,3.7022
383,4-6h,10.7254
383,4-6h,7.1322
383,4-6h,3.808
383,4-6h,2.618
383,4-6h,4.6159
383,4-6h,2.9128
383,4-6h,4.6563
383,4-6h,4.4738
383,4-6h,5.4584
383,4-6h,4.0838
383,4-6h,4.5809
383,4-6h,3.8438
383,4-6h,1.8742
383,4-6h,1.6204
383,4-6h,2.9618
245,0-2h,1.1867
245,0-2h,1.6012
245,0-2h,1.0905
245,0-2h,1.1334
245,0-2h,1.5963
245,0-2h,1.4275
245,0-2h,0.8572
245,0-2h,3.383
245,0-2h,1.2939
245,0-2h,1.966
245,0-2h,2.0837
245,0-2h,2.2668
245,0-2h,1.2075
245,0-2h,2.1207
245,0-2h,2.7031
245,0-2h,3.1188
245,0-2h,1.8405
245,0-2h,2.3038
245,0-2h,1.7788
245,0-2h,2.5774
245,0-2h,2.4586
245,0-2h,2.0083
245,0-2h,1.05
245,0-2h,2.3441
245,0-2h,2.4376
245,2-4h,3.8308
245,2-4h,1.651
245,2-4h,2.0356
245,2-4h,4.0207
245,2-4h,3.5141
245,2-4h,2.3075
245,2-4h,5.3106
245,2-4h,3.5921
245,2-4h,3.4518
245,2-4h,5.0491
245,2-4h,3.1869
245,2-4h,1.8031
245,2-4h,8.4284
245,2-4h,3.1888
245,2-4h,2.4016
245,2-4h,2.8739
245,2-4h,2.2927
245,2-4h,1.1105
245,2-4h,2.3081
245,2-4h,1.6068
245,2-4h,3.7969
245,2-4h,3.1328
245,2-4h,2.4778
245,2-4h,9.5533
245,2-4h,2.3537
245,4-6h,5.7894
245,4-6h,8.0091
245,4-6h,3.4337
245,4-6h,3.2511
245,4-6h,4.1119
245,4-6h,5.246
245,4-6h,3.099
245,4-6h,3.2268
245,4-6h,8.3
245,4-6h,5.4673
245,4-6h,9.0528
245,4-6h,10.0206
245,4-6h,2.8633
245,4-6h,3.4466
245,4-6h,9.4927
245,4-6h,6.0673
245,4-6h,5.4107
245,4-6h,4.7685
245,4-6h,4.1609
245,4-6h,4.8261
245,4-6h,3.3177
245,4-6h,2.9071
245,4-6h,3.25
245,4-6h,5.7033
245,4-6h,3.9327
877,0-2h,1.8633
877,0-2h,1.1785
877,0-2h,1.2995
877,0-2h,1.6168
877,0-2h,0.9494
877,0-2h,1.6091
877,0-2h,2.33
877,0-2h,0.8761
877,0-2h,1.5515
877,0-2h,2.648
877,0-2h,4.2419
877,0-2h,3.101
877,0-2h,1.6515
877,0-2h,2.2341
877,0-2h,3.1306
877,0-2h,0.946
877,0-2h,1.1141
877,0-2h,1.3482
877,0-2h,1.8429
877,0-2h,1.0545
877,0-2h,1.9031
877,0-2h,1.2358
877,0-2h,1.2348
877,0-2h,0.8957
877,0-2h,0.7961
877,2-4h,1.4207
877,2-4h,2.6552
877,2-4h,3.7384
877,2-4h,2.2567
877,2-4h,4.646
877,2-4h,4.5374
877,2-4h,3.1048
877,2-4h,4.494
877,2-4h,2.2787
877,2-4h,2.4636
877,2-4h,6.5847
877,2-4h,1.7247
877,2-4h,2.5288
877,2-4h,2.1942
877,2-4h,2.8309
877,2-4h,2.7266
877,2-4h,1.5832
877,2-4h,5.0484
877,2-4h,1.6547
877,2-4h,5.8242
877,2-4h,2.1719
877,2-4h,2.4292
877,2-4h,2.1575
877,2-4h,4.6159
877,2-4h,3.2676
877,4-6h,4.3633
877,4-6h,9.1921
877,4-6h,3.4615
877,4-6h,2.1588
877,4-6h,6.315
877,4-6h,4.3789
877,4-6h,5.2018
877,4-6h,6.9786
877,4-6h,11.0668
877,4-6h,3.8062
877,4-6h,13.8786
877,4-6h,15.1473
877,4-6h,5.4187
877,4-6h,5.9366
877,4-6h,5.5977
877,4-6h,7.2528
877,4-6h,4.4677
877,4-6h,3.5431
877,4-6h,3.5774
877,4-6h,4.1488
877,4-6h,7.042
877,4-6h,6.8064
877,4-6h,5.3163
877,4-6h,6.5983
877,4-6h,6.2727
558,0-2h,0.9079
558,0-2h,1.0785
558,0-2h,2.6727
558,0-2h,1.9717
558,0-2h,2.5868
558,0-2h,1.8011
558,0-2h,2.0756
558,0-2h,1.2786
558,0-2h,1.0899
558,0-2h,3.1439
558,0-2h,3.6348
558,0-2h,1.278
558,0-2h,2.2884
558,0-2h,1.494
558,0-2h,1.7637
558,0-2h,0.5418
558,0-2h,1.6183
558,0-2h,2.3092
558,0-2h,2.1669
558,0-2h,1.2452
558,0-2h,2.8844
558,0-2h,2.2342
558,0-2h,1.4783
558,0-2h,1.1746
558,0-2h,3.2451
558,2-4h,2.6168
558,2-4h,1.7124
558,2-4h,3.0717
558,2-4h,5.2361
558,2-4h,2.7575
558,2-4h,2.3753
558,2-4h,2.2403
558,2-4h,2.6296
558,2-4h,4.3603
558,2-4h,2.6524
558,2-4h,1.8839
558,2-4h,3.7681
558,2-4h,2.7391
558,2-4h,3.9238
558,2-4h,2.1356
558,2-4h,1.7646
558,2-4h,3.3102
558,2-4h,2.0095
558,2-4h,4.7784
558,2-4h,3.8098
558,2-4h,1.8665
558,2-4h,6.239
558,2-4h,8.3601
558,2-4h,3.0248
558,2-4h,2.3483
558,4-6h,2.1035
558,4-6h,6.0266
558,4-6h,3.016
558,4-6h,2.2822
558,4-6h,4.0488
558,4-6h,7.7354
558,4-6h,2.2949
558,4-6h,2.7834
558,4-6h,4.0917
558,4-6h,2.2132
558,4-6h,3.771
558,4-6h,10.355
558,4-6h,8.0469
558,4-6h,4.8145
558,4-6h,5.8803
558,4-6h,2.6636
558,4-6h,6.4059
558,4-6h,5.9152
558,4-6h,9.3616
558,4-6h,3.4581
558,4-6h,9.4917
558,4-6h,2.455
558,4-6h,5.6627
558,4-6h,9.6378
558,4-6h,5.4368
730,0-2h,1.9346
730,0-2h,2.231
730,0-2h,2.0531
730,0-2h,2.2769
730,0-2h,1.2993
730,0-2h,1.4623
730,0-2h,1.4394
730,0-2h,2.5705
730,0-2h,2.7467
730,0-2h,1.0479
730,0-2h,2.5938
730,0-2h,1.2338
730,0-2h,1.6778
730,0-2h,1.9703
730,0-2h,1.6353
730,0-2h,2.6694
730,0-2h,3.1068
730,0-2h,2.2971
730,0-2h,2.0724
730,0-2h,0.7945
730,0-2h,2.2245
730,0-2h,2.1303
730,0-2h,1.2789
730,0-2h,0.9089
730,0-2h,1.9778
730,2-4h,3.4828
730,2-4h,1.5675
730,2-4h,3.4464
730,2-4h,3.1599
730,2-4h,2.1989
730,2-4h,2.374
730,2-4h,3.9315
730,2-4h,1.2169
730,2-4h,4.7487
730,2-4h,2.9749
730,2-4h,8.5016
730,2-4h,2.2791
730,2-4h,2.8607
730,2-4h,7.2606
730,2-4h,4.0143
730,2-4h,3.3321
730,2-4h,1.4473
730,2-4h,2.3102
730,2-4h,3.3821
730,2-4h,3.2841
730,2-4h,4.3793
730,2-4h,5.4436
730,2-4h,1.4908
730,2-4h,3.5951
730,2-4h,1.9709
730,4-6h,8.9803
730,4-6h,3.7159
730,4-6h,6.0488
730,4-6h,4.4325
730,4-6h,3.3028
730,4-6h,8.0702
730,4-6h,3.4552
730,4-6h,5.186
730,4-6h,5.1899
730,4-6h,5.4633
730,4-6h,6.4371
730,4-6h,8.4779
730,4-6h,10.1248
730,4-6h,3.1066
730,4-6h,1.4069
730,4-6h,6.6366
730,4-6h,3.8953
730,4-6h,2.6686
730,4-6h,3.3077
730,4-6h,3.413
730,4-6h,7.7191
730,4-6h,4.9984
730,4-6h,3.5755
730,4-6h,2.4408
730,4-6h,4.3783
442,0-2h,1.3224
442,0-2h,1.6493
442,0-2h,1.4198
442,0-2h,1.0663
442,0-2h,2.4184
442,0-2h,1.3503
442,0-2h,1.202
442,0-2h,2.0551
442,0-2h,1.2522
442,0-2h,2.3443
442,0-2h,1.2442
442,0-2h,2.0375
442,0-2h,1.1224
442,0-2h,1.1111
442,0-2h,3.2123
442,0-2h,2.4154
442,0-2h,2.3783
442,0-2h,1.8164
442,0-2h,1.4555
442,0-2h,1.5172
442,0-2h,1.2358
442,0-2h,1.3741
442,0-2h,2.2394
442,0-2h,1.7194
442,0-2h,3.4631
442,2-4h,2.8322
442,2-4h,4.7227
442,2-4h,4.8409
442,2-4h,4.325
442,2-4h,1.9073
442,2-4h,2.8103
442,2-4h,2.7813
442,2-4h,4.3602
442,2-4h,1.7606
442,2-4h,4.559
442,2-4h,4.7067
442,2-4h,4.6558
442,2-4h,4.5779
442,2-4h,2.0562
442,2-4h,3.0874
442,2-4h,6.2916
442,2-4h,2.5846
442,2-4h,1.5146
442,2-4h,6.5292
442,2-4h,6.3338
442,2-4h,6.4339
442,2-4h,2.2575
442,2-4h,3.9133
442,2-4h,2.5438
442,2-4h,2.2033
442,4-6h,3.5096
442,4-6h,4.0269
442,4-6h,4.6976
442,4-6h,2.9418
442,4-6h,5.8467
442,4-6h,7.3056
442,4-6h,5.1633
442,4-6h,8.2204
442,4-6h,7.6268
442,4-6h,8.4265
442,4-6h,3.7188
442,4-6h,7.5303
442,4-6h,3.8785
442,4-6h,2.0407
442,4-6h,4.5327
442,4-6h,3.4664
442,4-6h,8.138
442,4-6h,5.5335
442,4-6h,3.9956
442,4-6h,2.3381
442,4-6h,3.9675
442,4-6h,8.5261
442,4-6h,4.9584
442,4-6h,4.7244
442,4-6h,5.2419
155,0-2h,4.3096
155,0-2h,1.3015
155,0-2h,1.7211
155,0-2h,1.3075
155,0-2h,1.3805
155,0-2h,1.7581
155,0-2h,1.9305
155,0-2h,2.3167
155,0-2h,0.9645
155,0-2h,3.3814
155,0-2h,1.7122
155,0-2h,1.5067
155,0-2h,0.9765
155,0-2h,1.5676
155,0-2h,0.741
155,0-2h,2.5572
155,0-2h,1.8439
155,0-2h,1.7453
155,0-2h,1.279
155,0-2h,1.9562
155,0-2h,3.3419
155,0-2h,1.916
155,0-2h,1.2138
155,0-2h,1.8008
155,0-2h,1.0341
155,2-4h,5.6394
155,2-4h,3.7054
155,2-4h,2.739
155,2-4h,5.8183
155,2-4h,3.4122
155,2-4h,1.1541
155,2-4h,2.2454
155,2-4h,0.7849
155,2-4h,1.2019
155,2-4h,3.4418
155,2-4h,6.7066
155,2-4h,3.1194
155,2-4h,3.0867
155,2-4h,2.9165
155,2-4h,4.6327
155,2-4h,1.0866
155,2-4h,1.2686
155,2-4h,2.6098
155,2-4h,2.047
155,2-4h,2.5827
155,2-4h,2.5966
155,2-4h,2.5616
155,2-4h,4.0522
155,2-4h,3.0099
155,2-4h,2.8423
155,4-6h,3.1141
155,4-6h,4.3472
155,4-6h,3.3423
155,4-6h,8.0561
155,4-6h,7.2996
155,4-6h,13.143
155,4-6h,3.1497
155,4-6h,3.0997
155,4-6h,1.9804
155,4-6h,4.9838
155,4-6h,9.7934
155,4-6h,10.2684
155,4-6h,3.4404
155,4-6h,5.05
155,4-6h,3.6889
155,4-6h,3.5265
155,4-6h,3.8245
155,4-6h,3.9158
155,4-6h,9.3074
155,4-6h,4.5945
155,4-6h,3.5791
155,4-6h,5.5678
155,4-6h,2.089
155,4-6h,7.3173
155,4-6h,8.6644
513,0-2h,1.0553
513,0-2h,2.9282
513,0-2h,1.8556
513,0-2h,1.4488
513,0-2h,1.7166
513,0-2h,2.8116
513,0-2h,2.5498
513,0-2h,2.0879
513,0-2h,1.8689
513,0-2h,2.7109
513,0-2h,2.1804
513,0-2h,1.1098
513,0-2h,1.4298
513,0-2h,1.644
513,0-2h,2.3917
513,0-2h,0.965
513,0-2h,3.1552
513,0-2h,2.2873
513,0-2h,1.8922
513,0-2h,3.3873
513,0-2h,3.2156
513,0-2h,1.7708
513,0-2h,2.6131
513,0-2h,1.7175
513,0-2h,0.9288
513,2-4h,2.6785
513,2-4h,3.0257
513,2-4h,2.4726
513,2-4h,6.3155
513,2-4h,3.5872
513,2-4h,1.0032
513,2-4h,2.52
513,2-4h,7.0925
513,2-4h,2.3115
513,2-4h,2.7349
513,2-4h,2.5212
513,2-4h,6.6437
513,2-4h,3.3218
513,2-4h,1.2499
513,2-4h,5.0222
513,2-4h,1.9052
513,2-4h,2.4494
513,2-4h,2.8121
513,2-4h,3.3311
513,2-4h,1.7595
513,2-4h,2.2849
513,2-4h,1.311
513,2-4h,3.6173
513,2-4h,2.1485
513,2-4h,2.5109
513,4-6h,6.5767
513,4-6h,8.9092
513,4-6h,7.0833
513,4-6h,10.5729
513,4-6h,4.6941
513,4-6h,5.4847
513,4-6h,3.2753
513,4-6h,8.9764
513,4-6h,2.2817
513,4-6h,2.8662
513,4-6h,3.2396
513,4-6h,5.7304
513,4-6h,4.0908
513,4-6h,3.2328
513,4-6h,4.1316
513,4-6h,3.9336
513,4-6h,4.9708
513,4-6h,1.4569
513,4-6h,3.4895
513,4-6h,3.8717
513,4-6h,6.316
513,4-6h,9.3641
513,4-6h,10.1384
513,4-6h,5.1956
513,4-6h,9.5762
624,0-2h,2.1846
624,0-2h,1.9685
624,0-2h,1.4956
624,0-2h,1.5662
624,0-2h,2.1593
624,0-2h,2.1787
624,0-2h,1.4894
624,0-2h,1.8941
624,0-2h,0.8489
624,0-2h,3.218
624,0-2h,2.058
624,0-2h,3.8807
624,0-2h,1.242
624,0-2h,1.6019
624,0-2h,1.4405
624,0-2h,1.1866
624,0-2h,2.9983
624,0-2h,2.6774
624,0-2h,1.37
624,0-2h,1.9019
624,0-2h,1.2494
624,0-2h,1.8549
624,0-2h,1.1646
624,0-2h,1.3122
624,0-2h,1.6075
624,2-4h,5.6706
624,2-4h,3.1436
624,2-4h,4.6301
624,2-4h,1.3446
624,2-4h,9.8959
624,2-4h,8.5214
624,2-4h,1.5002
624,2-4h,3.7171
624,2-4h,1.4391
624,2-4h,1.4343
624,2-4h,3.2575
624,2-4h,9.3438
624,2-4h,1.0935
624,2-4h,5.1215
624,2-4h,3.5669
624,2-4h,5.3008
624,2-4h,5.5739
624,2-4h,2.6967
624,2-4h,2.5094
624,2-4h,3.7023
624,2-4h,3.1896
624,2-4h,2.5032
624,2-4h,2.336
624,2-4h,8.8669
624,2-4h,2.5569
624,4-6h,4.4372
624,4-6h,9.3866
624,4-6h,8.6904
624,4-6h,3.4668
624,4-6h,20.2369
624,4-6h,2.3863
624,4-6h,5.8312
624,4-6h,8.4595
624,4-6h,3.9917
624,4-6h,3.3655
624,4-6h,4.5449
624,4-6h,2.3913
624,4-6h,19.2186
624,4-6h,2.0383
624,4-6h,4.3035
624,4-6h,2.6049
624,4-6h,4.4794
624,4-6h,2.3332
624,4-6h,4.3816
624,4-6h,4.3639
624,4-6h,6.909
624,4-6h,11.2807
624,4-6h,2.2997
624,4-6h,7.7125
624,4-6h,3.0053
264,0-2h,1.802
264,0-2h,0.9352
264,0-2h,2.3372
264,0-2h,1.7786
264,0-2h,2.0332
264,0-2h,2.2285
264,0-2h,1.468
264,0-2h,2.2484
264,0-2h,1.8635
264,0-2h,2.224
264,0-2h,1.224
264,0-2h,2.4456
264,0-2h,1.1856
264,0-2h,1.5288
264,0-2h,2.3489
264,0-2h,1.504
264,0-2h,3.5499
264,0-2h,0.9576
264,0-2h,1.2887
264,0-2h,2.1173
264,0-2h,1.2909
264,0-2h,1.7977
264,0-2h,4.0327
264,0-2h,2.1262
264,0-2h,1.1396
264,2-4h,1.4473
264,2-4h,3.9398
264,2-4h,4.8546
264,2-4h,3.8836
264,2-4h,2.9764
264,2-4h,4.1111
264,2-4h,1.618
264,2-4h,5.6444
264,2-4h,2.9025
264,2-4h,2.0916
264,2-4h,1.5193
264,2-4h,2.5137
264,2-4h,6.0171
264,2-4h,1.8315
264,2-4h,6.2172
264,2-4h,5.2288
264,2-4h,4.3962
264,2-4h,2.807
264,2-4h,5.6244
264,2-4h,2.5203
264,2-4h,4.5925
264,2-4h,1.2645
264,2-4h,3.1395
264,2-4h,3.3934
264,2-4h,3.9494
264,4-6h,8.0969
264,4-6h,4.6766
264,4-6h,2.3327
264,4-6h,6.6078
264,4-6h,4.9761
264,4-6h,3.4216
264,4-6h,3.6233
264,4-6h,3.014
264,4-6h,2.3148
264,4-6h,7.147
264,4-6h,5.4274
264,4-6h,4.0757
264,4-6h,4.9194
264,4-6h,9.1382
264,4-6h,5.6205
264,4-6h,8.8301
264,4-6h,16.7177
264,4-6h,8.2611
264,4-6h,5.5862
264,4-6h,4.9063
264,4-6h,4.1293
264,4-6h,6.5815
264,4-6h,5.5126
264,4-6h,4.8643
264,4-6h,1.1586
258,0-2h,1.5694
258,0-2h,0.6288
258,0-2h,1.5433
258,0-2h,0.8347
258,0-2h,0.8537
258,0-2h,1.5183
258,0-2h,1.4574
258,0-2h,0.9601
258,0-2h,1.7911
258,0-2h,1.6021
258,0-2h,2.1503
258,0-2h,1.2914
258,0-2h,0.932
258,0-2h,1.0948
258,0-2h,1.8176
258,0-2h,1.4908
258,0-2h,1.5071
258,0-2h,1.5489
258,0-2h,1.3553
258,0-2h,2.4631
258,0-2h,1.6093
258,0-2h,3.6513
258,0-2h,1.6445
258,0-2h,1.631
258,0-2h,1.0951
258,2-4h,4.3281
258,2-4h,2.9872
258,2-4h,1.4916
258,2-4h,2.9655
258,2-4h,12.4845
258,2-4h,2.5063
258,2-4h,1.9614
258,2-4h,5.52
258,2-4h,3.2514
258,2-4h,4.2407
258,2-4h,8.2673
258,2-4h,2.0389
258,2-4h,3.9003
258,2-4h,3.3773
258,2-4h,1.6489
258,2-4h,5.1353
258,2-4h,2.2405
258,2-4h,2.711
258,2-4h,2.9017
258,2-4h,2.5585
258,2-4h,4.7435
258,2-4h,1.0379
258,2-4h,3.469
258,2-4h,5.3232
258,2-4h,2.3156
258,4-6h,4.4854
258,4-6h,3.1134
258,4-6h,7.5078
258,4-6h,4.692
258,4-6h,6.0079
258,4-6h,7.0439
258,4-6h,2.3885
258,4-6h,1.8559
258,4-6h,3.7651
258,4-6h,3.2858
258,4-6h,7.8435
258,4-6h,2.3218
258,4-6h,2.7357
258,4-6h,3.3482
258,4-6h,2.6108
258,4-6h,4.5577
258,4-6h,4.4835
258,4-6h,5.6468
258,4-6h,2.8886
258,4-6h,6.7746
258,4-6h,3.8421
258,4-6h,5.9777
258,4-6h,5.6784
258,4-6h,10.7221
258,4-6h,7.2209
825,0-2h,2.0288
825,0-2h,1.6217
825,0-2h,1.2643
825,0-2h,1.4
825,0-2h,1.2425
825,0-2h,2.1124
825,0-2h,1.3435
825,0-2h,2.5251
825,0-2h,2.4742
825,0-2h,3.7141
825,0-2h,2.7413
825,0-2h,1.3685
825,0-2h,1.5361
825,0-2h,0.8148
825,0-2h,2.3171
825,0-2h,3.197
825,0-2h,1.8848
825,0-2h,2.344
825,0-2h,6.6884
825,0-2h,2.7283
825,0-2h,1.5035
825,0-2h,1.0986
825,0-2h,0.6362
825,0-2h,2.403
825,0-2h,1.185
825,2-4h,4.1176
825,2-4h,3.8196
825,2-4h,2.8566
825,2-4h,5.1067
825,2-4h,2.2106
825,2-4h,2.5643
825,2-4h,1.8829
825,2-4h,4.9194
825,2-4h,4.8166
825,2-4h,1.7213
825,2-4h,2.9607
825,2-4h,3.3551
825,2-4h,2.6007
825,2-4h,2.3878
825,2-4h,4.8907
825,2-4h,2.288
825,2-4h,3.5185
825,2-4h,2.6523
825,2-4h,8.3045
825,2-4h,2.5467
825,2-4h,2.6979
825,2-4h,2.6021
825,2-4h,2.4709
825,2-4h,2.8851
825,2-4h,3.5366
825,4-6h,6.9245
825,4-6h,3.2126
825,4-6h,4.225
825,4-6h,3.5685
825,4-6h,2.853
825,4-6h,2.526
825,4-6h,2.2406
825,4-6h,4.1657
825,4-6h,3.2745
825,4-6h,3.41
825,4-6h,4.7896
825,4-6h,2.502
825,4-6h,4.5916
825,4-6h,6.0843
825,4-6h,4.5087
825,4-6h,1.7859
825,4-6h,7.2264
825,4-6h,7.0044
825,4-6h,5.6674
825,4-6h,5.5897
825,4-6h,7.1268
825,4-6h,5.719
825,4-6h,2.8144
825,4-6h,6.4497
825,4-6h,6.8994
276,0-2h,0.655
276,0-2h,2.0012
276,0-2h,1.5925
276,0-2h,1.7747
276,0-2h,3.315
276,0-2h,1.9997
276,0-2h,2.1959
276,0-2h,2.3537
276,0-2h,2.0117
276,0-2h,1.2534
276,0-2h,1.8768
276,0-2h,1.5106
276,0-2h,1.598
276,0-2h,2.6581
276,0-2h,1.8824
276,0-2h,1.2533
276,0-2h,3.9837
276,0-2h,1.7139
276,0-2h,3.1135
276,0-2h,1.6353
276,0-2h,3.9275
276,0-2h,0.8919
276,0-2h,2.3432
276,0-2h,2.1739
276,0-2h,3.4755
276,2-4h,6.8645
276,2-4h,2.3799
276,2-4h,3.0453
276,2-4h,3.4288
276,2-4h,3.9944
276,2-4h,2.1948
276,2-4h,4.7741
276,2-4h,2.7485
276,2-4h,5.9175
276,2-4h,6.0898
276,2-4h,2.79
276,2-4h,4.3904
276,2-4h,1.8149
276,2-4h,2.6846
276,2-4h,4.559
276,2-4h,5.2576
276,2-4h,1.779
276,2-4h,2.119
276,2-4h,2.8975
276,2-4h,2.9746
276,2-4h,1.4527
276,2-4h,2.5647
276,2-4h,2.742
276,2-4h,2.5527
276,2-4h,5.1645
276,4-6h,2.0957
276,4-6h,2.9858
276,4-6h,5.9568
276,4-6h,4.0866
276,4-6h,2.9782
276,4-6h,2.4894
276,4-6h,5.3333
276,4-6h,8.3991
276,4-6h,2.6733
276,4-6h,6.7918
276,4-6h,9.7434
276,4-6h,3.7228
276,4-6h,2.6575
276,4-6h,2.6905
276,4-6h,4.7316
276,4-6h,5.2467
276,4-6h,1.2927
276,4-6h,4.8071
276,4-6h,4.2701
276,4-6h,3.164
276,4-6h,7.4248
276,4-6h,8.231
276,4-6h,3.949
276,4-6h,4.9612
276,4-6h,2.4698
190,0-2h,3.5052
190,0-2h,1.1912
190,0-2h,3.0765
190,0-2h,1.1956
190,0-2h,2.4165
190,0-2h,1.1265
190,0-2h,1.3732
190,0-2h,0.8627
190,0-2h,1.3617
190,0-2h,1.7741
190,0-2h,1.1796
190,0-2h,1.9211
190,0-2h,2.3574
190,0-2h,3.1082
190,0-2h,2.4593
190,0-2h,2.3751
190,0-2h,2.2482
190,0-2h,2.0939
190,0-2h,0.8616
190,0-2h,1.3904
190,0-2h,3.9406
190,0-2h,1.8117
190,0-2h,2.7225
190,0-2h,0.9616
190,0-2h,1.5464
190,2-4h,4.4266
190,2-4h,6.0804
190,2-4h,4.0778
190,2-4h,1.9342
190,2-4h,4.4772
190,2-4h,6.3109
190,2-4h,9.7338
190,2-4h,2.4294
190,2-4h,3.164
190,2-4h,3.1987
190,2-4h,4.7513
190,2-4h,2.2787
190,2-4h,2.5247
190,2-4h,2.3915
190,2-4h,2.3979
190,2-4h,2.1173
190,2-4h,3.3034
190,2-4h,4.95
190,2-4h,1.4435
190,2-4h,6.4127
190,2-4h,2.9193
190,2-4h,1.9344
190,2-4h,2.6717
190,2-4h,3.121
190,2-4h,9.8564
190,4-6h,2.9878
190,4-6h,9.1357
190,4-6h,7.3119
190,4-6h,2.1996
190,4-6h,4.6821
190,4-6h,2.3696
190,4-6h,3.7139
190,4-6h,3.5208
190,4-6h,2.3983
190,4-6h,5.3199
190,4-6h,2.6324
190,4-6h,9.808
190,4-6h,5.2337
190,4-6h,11.9605
190,4-6h,5.584
190,4-6h,3.9689
190,4-6h,6.1271
190,4-6h,3.4243
190,4-6h,4.8718
190,4-6h,2.6003
190,4-6h,4.017
190,4-6h,9.1716
190,4-6h,8.983
190,4-6h,4.8759
190,4-6h,4.7867
791,0-2h,2.9641
791,0-2h,2.2461
791,0-2h,1.9534
791,0-2h,1.717
791,0-2h,2.4005
791,0-2h,1.3587
791,0-2h,2.6175
791,0-2h,2.3938
791,0-2h,1.299
791,0-2h,2.2618
791,0-2h,2.2057
791,0-2h,2.305
791,0-2h,1.9806
791,0-2h,2.8707
791,0-2h,2.3946
791,0-2h,0.962
791,0-2h,2.4823
791,0-2h,2.1102
791,0-2h,1.5247
791,0-2h,1.4548
791,0-2h,2.3383
791,0-2h,2.0296
791,0-2h,0.986
791,0-2h,1.3755
791,0-2h,2.9097
791,2-4h,3.0724
791,2-4h,2.2549
791,2-4h,4.0297
791,2-4h,1.9754
791,2-4h,4.8864
791,2-4h,4.8756
791,2-4h,2.5111
791,2-4h,3.5135
791,2-4h,2.7584
791,2-4h,2.1449
791,2-4h,2.942
791,2-4h,3.5378
791,2-4h,2.4654
791,2-4h,1.8787
791,2-4h,4.5831
791,2-4h,3.1977
791,2-4h,3.5311
791,2-4h,3.6711
791,2-4h,5.7888
791,2-4h,1.7327
791,2-4h,3.601
791,2-4h,1.5459
791,2-4h,2.2717
791,2-4h,0.8612
791,2-4h,5.7025
791,4-6h,7.6158
791,4-6h,2.9051
791,4-6h,4.7145
791,4-6h,3.0318
791,4-6h,12.2097
791,4-6h,3.6275
791,4-6h,3.8734
791,4-6h,7.0595
791,4-6h,8.9343
791,4-6h,9.2572
791,4-6h,3.6204
791,4-6h,7.5309
791,4-6h,7.0042
791,4-6h,5.9684
791,4-6h,6.3747
791,4-6h,3.5635
791,4-6h,1.9058
791,4-6h,7.6025
791,4-6h,1.3458
791,4-6h,3.9269
791,4-6h,7.7211
791,4-6h,3.2828
791,4-6h,4.5429
791,4-6h,2.4422
791,4-6h,1.2567
595,0-2h,1.052
595,0-2h,2.432
595,0-2h,0.5929
595,0-2h,0.641
595,0-2h,1.5891
595,0-2h,1.9156
595,0-2h,2.1969
595,0-2h,0.8666
595,0-2h,0.9843
595,0-2h,1.6305
595,0-2h,1.6058
595,0-2h,1.2779
595,0-2h,2.4691
595,0-2h,1.2488
595,0-2h,1.4224
595,0-2h,3.7228
595,0-2h,0.939
595,0-2h,3.0898
595,0-2h,1.5601
595,0-2h,0.8493
595,0-2h,2.8287
595,0-2h,1.1901
595,0-2h,2.9076
595,0-2h,1.236
595,0-2h,2.9752
595,2-4h,2.1386
595,2-4h,1.995
595,2-4h,3.3357
595,2-4h,1.0702
595,2-4h,1.3921
595,2-4h,3.0176
595,2-4h,3.7325
595,2-4h,4.0492
595,2-4h,2.4846
595,2-4h,2.302
595,2-4h,3.6639
595,2-4h,3.4276
595,2-4h,2.0938
595,2-4h,2.4498
595,2-4h,3.043
595,2-4h,3.5453
595,2-4h,1.5467
595,2-4h,4.0774
595,2-4h,2.5686
595,2-4h,1.9706
595,2-4h,4.1241
595,2-4h,1.1526
595,2-4h,1.5628
595,2-4h,2.0768
595,2-4h,3.908
595,4-6h,4.6453
595,4-6h,5.1233
595,4-6h,4.8058
595,4-6h,4.2762
595,4-6h,1.2604
595,4-6h,7.3969
595,4-6h,6.5891
595,4-6h,5.4145
595,4-6h,1.3204
595,4-6h,5.5729
595,4-6h,2.0135
595,4-6h,7.248
595,4-6h,4.4019
595,4-6h,3.061
595,4-6h,4.7483
595,4-6h,3.9685
595,4-6h,4.6343
595,4-6h,3.8683
595,4-6h,6.8245
595,4-6h,4.2999
595,4-6h,4.0232
595,4-6h,2.6525
595,4-6h,4.4471
595,4-6h,3.0969
595,4-6h,5.9614
382,0-2h,1.0068
382,0-2h,1.4456
382,0-2h,2.0207
382,0-2h,1.6394
382,0-2h,1.7907
382,0-2h,2.644
382,0-2h,1.8734
382,0-2h,0.8162
382,0-2h,3.0928
382,0-2h,1.5508
382,0-2h,1.7206
382,0-2h,1.3465
382,0-2h,1.0236
382,0-2h,2.9982
382,0-2h,1.2349
382,0-2h,2.3808
382,0-2h,1.5799
382,0-2h,1.9794
382,0-2h,1.2678
382,0-2h,1.9424
382,0-2h,2.681
382,0-2h,2.2932
382,0-2h,2.0109
382,0-2h,2.0358
382,0-2h,1.2549
382,2-4h,3.0528
382,2-4h,3.9481
382,2-4h,3.0619
382,2-4h,2.0714
382,2-4h,2.7631
382,2-4h,2.312
382,2-4h,3.111
382,2-4h,4.0469
382,2-4h,2.6445
382,2-4h,4.6577
382,2-4h,3.8658
382,2-4h,2.9056
382,2-4h,8.5085
382,2-4h,6.0308
382,2-4h,2.0567
382,2-4h,2.412
382,2-4h,3.3919
382,2-4h,3.8136
382,2-4h,1.9125
382,2-4h,3.4425
382,2-4h,3.3782
382,2-4h,4.5416
382,2-4h,2.6851
382,2-4h,3.8828
382,2-4h,2.1742
382,4-6h,6.1823
382,4-6h,9.0098
382,4-6h,2.6033
382,4-6h,2.8567
382,4-6h,3.1391
382,4-6h,2.3556
382,4-6h,4.2311
382,4-6h,4.2264
382,4-6h,3.6515
382,4-6h,4.3775
382,4-6h,3.1573
382,4-6h,5.8428
382,4-6h,6.5505
382,4-6h,5.5182
382,4-6h,10.1556
382,4-6h,8.03
382,4-6h,7.7019
382,4-6h,7.258
382,4-6h,4.9046
382,4-6h,19.3469
382,4-6h,7.7126
382,4-6h,7.7605
382,4-6h,3.5676
382,4-6h,9.1756
382,4-6h,4.2797
355,0-2h,3.2788
355,0-2h,1.4302
355,0-2h,2.1495
355,0-2h,1.3541
355,0-2h,1.2823
355,0-2h,3.5693
355,0-2h,1.5611
355,0-2h,2.3273
355,0-2h,2.1995
355,0-2h,1.9213
355,0-2h,1.6411
355,0-2h,1.2032
355,0-2h,1.0929
355,0-2h,1.5882
355,0-2h,1.2319
355,0-2h,3.0003
355,0-2h,1.5054
355,0-2h,1.3904
355,0-2h,2.0279
355,0-2h,1.4695
355,0-2h,2.8543
355,0-2h,2.2014
355,0-2h,1.799
355,0-2h,2.2859
355,0-2h,1.5544
355,2-4h,2.0978
355,2-4h,1.0571
355,2-4h,3.3009
355,2-4h,2.8583
355,2-4h,2.0641
355,2-4h,2.2456
355,2-4h,2.7168
355,2-4h,2.9899
355,2-4h,1.3148
355,2-4h,4.7163
355,2-4h,4.9134
355,2-4h,2.6895
355,2-4h,2.3073
355,2-4h,4.4843
355,2-4h,1.8145
355,2-4h,5.6866
355,2-4h,5.1652
355,2-4h,2.4016
355,2-4h,6.1671
355,2-4h,2.7158
355,2-4h,3.0747
355,2-4h,3.9756
355,2-4h,2.8459
355,2-4h,1.6445
355,2-4h,3.0383
355,4-6h,10.4135
355,4-6h,2.298
355,4-6h,2.9432
355,4-6h,7.4149
355,4-6h,6.4856
355,4-6h,3.4121
355,4-6h,4.5347
355,4-6h,3.6001
355,4-6h,2.3432
355,4-6h,5.1536
355,4-6h,6.8935
355,4-6h,4.1474
355,4-6h,4.4074
355,4-6h,5.6606
355,4-6h,4.2619
355,4-6h,5.1715
355,4-6h,8.3062
355,4-6h,4.8927
355,4-6h,3.6315
355,4-6h,2.4581
355,4-6h,4.133
355,4-6h,4.5998
355,4-6h,3.7786
355,4-6h,1.9037
355,4-6h,7.5866
577,0-2h,1.774
577,0-2h,3.4446
577,0-2h,0.6861
577,0-2h,1.8089
577,0-2h,2.702
577,0-2h,1.543
577,0-2h,2.6446
577,0-2h,2.0509
577,0-2h,3.3935
577,0-2h,1.472
577,0-2h,2.4864
577,0-2h,3.2151
577,0-2h,2.2403
577,0-2h,1.8555
577,0-2h,1.2496
577,0-2h,2.4311
577,0-2h,1.2366
577,0-2h,1.3863
577,0-2h,1.1007
577,0-2h,2.6985
577,0-2h,1.4377
577,0-2h,1.5622
577,0-2h,0.8603
577,0-2h,1.419
577,0-2h,1.3694
577,2-4h,1.1755
577,2-4h,1.8928
577,2-4h,2.0747
577,2-4h,5.335
577,2-4h,2.4587
577,2-4h,2.717
577,2-4h,3.5362
577,2-4h,2.8884
577,2-4h,3.0394
577,2-4h,2.4412
577,2-4h,3.2043
577,2-4h,4.9055
577,2-4h,3.5546
577,2-4h,3.9077
577,2-4h,1.6677
577,2-4h,3.2272
577,2-4h,1.832
577,2-4h,2.0484
577,2-4h,1.7666
577,2-4h,5.3039
577,2-4h,4.8042
577,2-4h,2.4581
577,2-4h,2.8321
577,2-4h,2.5142
577,2-4h,3.7801
577,4-6h,3.8151
577,4-6h,3.4919
577,4-6h,8.461
577,4-6h,5.2594
577,4-6h,5.3601
577,4-6h,4.8895
577,4-6h,10.0576
577,4-6h,5.7141
577,4-6h,2.5613
577,4-6h,3.577
577,4-6h,4.0309
577,4-6h,5.9126
577,4-6h,8.8306
577,4-6h,3.3207
577,4-6h,2.8299
577,4-6h,6.2366
577,4-6h,6.0655
577,4-6h,6.088
577,4-6h,3.2139
577,4-6h,3.3351
577,4-6h,6.0973
577,4-6h,3.5342
577,4-6h,4.1536
577,4-6h,4.6381
577,4-6h,6.5179
874,0-2h,1.3344
874,0-2h,0.901
874,0-2h,1.6971
874,0-2h,1.4161
874,0-2h,2.1123
874,0-2h,1.5844
874,0-2h,1.6421
874,0-2h,1.8357
874,0-2h,1.432
874,0-2h,2.4598
874,0-2h,1.1745
874,0-2h,2.0419
874,0-2h,0.8976
874,0-2h,2.0547
874,0-2h,1.9308
874,0-2h,1.517
874,0-2h,1.8052
874,0-2h,2.0935
874,0-2h,1.3771
874,0-2h,1.0819
874,0-2h,1.155
874,0-2h,0.649
874,0-2h,1.0264
874,0-2h,1.5167
874,0-2h,1.2072
874,2-4h,5.5151
874,2-4h,3.7494
874,2-4h,6.4323
874,2-4h,1.2967
874,2-4h,4.7639
874,2-4h,3.5787
874,2-4h,3.564
874,2-4h,2.5567
874,2-4h,3.4955
874,2-4h,2.2219
874,2-4h,2.6869
874,2-4h,2.5774
874,2-4h,2.3844
874,2-4h,5.1741
874,2-4h,3.9889
874,2-4h,3.6909
874,2-4h,3.1673
874,2-4h,1.3255
874,2-4h,1.6652
874,2-4h,3.4112
874,2-4h,2.8257
874,2-4h,3.803
874,2-4h,2.2253
874,2-4h,4.3731
874,2-4h,3.3681
874,4-6h,4.322
874,4-6h,5.5188
874,4-6h,4.3869
874,4-6h,5.5163
874,4-6h,3.9085
874,4-6h,3.3392
874,4-6h,5.0892
874,4-6h,6.5395
874,4-6h,3.9766
874,4-6h,4.0421
874,4-6h,4.8347
874,4-6h,8.2251
874,4-6h,3.9251
874,4-6h,2.4996
874,4-6h,5.3309
874,4-6h,3.2592
874,4-6h,5.906
874,4-6h,3.3172
874,4-6h,5.4654
874,4-6h,2.3312
874,4-6h,5.6643
874,4-6h,5.9393
874,4-6h,5.063
874,4-6h,3.426
874,4-6h,8.0831
454,0-2h,3.3096
454,0-2h,2.2414
454,0-2h,1.4977
454,0-2h,1.3311
454,0-2h,2.0612
454,0-2h,3.0063
454,0-2h,0.8855
454,0-2h,1.5754
454,0-2h,1.0353
454,0-2h,1.5425
454,0-2h,2.3086
454,0-2h,1.8676
454,0-2h,1.5222
454,0-2h,0.7401
454,0-2h,1.7468
454,0-2h,2.2479
454,0-2h,1.8688
454,0-2h,3.6099
454,0-2h,1.4669
454,0-2h,1.6517
454,0-2h,2.5565
454,0-2h,1.3024
454,0-2h,1.3584
454,0-2h,1.3166
454,0-2h,1.2773
454,2-4h,1.5621
454,2-4h,2.4682
454,2-4h,2.9851
454,2-4h,2.2127
454,2-4h,2.6881
454,2-4h,3.5576
454,2-4h,2.9365
454,2-4h,2.5195
454,2-4h,5.2139
454,2-4h,5.034
454,2-4h,2.938
454,2-4h,2.1369
454,2-4h,4.1186
454,2-4h,3.5869
454,2-4h,2.6194
454,2-4h,2.3008
454,2-4h,1.5866
454,2-4h,2.1069
454,2-4h,3.938
454,2-4h,2.0354
454,2-4h,1.5136
454,2-4h,4.0207
454,2-4h,2.8432
454,2-4h,2.819
454,2-4h,2.7769
454,4-6h,8.734
454,4-6h,9.2351
454,4-6h,1.829
454,4-6h,5.3692
454,4-6h,4.9616
454,4-6h,2.7466
454,4-6h,4.0611
454,4-6h,4.2595
454,4-6h,4.716
454,4-6h,4.707
454,4-6h,3.5977
454,4-6h,2.5533
454,4-6h,6.4109
454,4-6h,5.0373
454,4-6h,7.263
454,4-6h,4.4256
454,4-6h,4.2123
454,4-6h,5.8591
454,4-6h,7.2018
454,4-6h,3.6912
454,4-6h,1.9964
454,4-6h,4.0767
454,4-6h,7.4851
454,4-6h,3.0025
454,4-6h,10.6742
775,0-2h,2.4557
775,0-2h,2.5237
775,0-2h,2.8915
775,0-2h,1.5174
775,0-2h,1.0227
775,0-2h,3.7384
775,0-2h,2.4327
775,0-2h,2.8885
775,0-2h,1.406
775,0-2h,0.9426
775,0-2h,2.1455
775,0-2h,2.3826
775,0-2h,1.9275
775,0-2h,1.6285
775,0-2h,1.5162
775,0-2h,1.3516
775,0-2h,1.7062
775,0-2h,1.1782
775,0-2h,2.9531
775,0-2h,2.2743
775,0-2h,2.7632
775,0-2h,1.7085
775,0-2h,2.1259
775,0-2h,3.7987
775,0-2h,1.3875
775,2-4h,3.9297
775,2-4h,1.9288
775,2-4h,3.5633
775,2-4h,4.9793
775,2-4h,2.2191
775,2-4h,3.5727
775,2-4h,6.1573
775,2-4h,2.4156
775,2-4h,2.8352
775,2-4h,3.1289
775,2-4h,1.6783
775,2-4h,2.2668
775,2-4h,3.1424
775,2-4h,1.6148
775,2-4h,2.5089
775,2-4h,2.1082
775,2-4h,3.2677
775,2-4h,1.7477
775,2-4h,5.2651
775,2-4h,2.7657
775,2-4h,2.6657
775,2-4h,3.4391
775,2-4h,4.3663
775,2-4h,4.0519
775,2-4h,3.4503
775,4-6h,2.7662
775,4-6h,4.8322
775,4-6h,3.9209
775,4-6h,3.3747
775,4-6h,3.1594
775,4-6h,7.3688
775,4-6h,1.8921
775,4-6h,4.9542
775,4-6h,5.0426
775,4-6h,4.8686
775,4-6h,5.6396
775,4-6h,7.4524
775,4-6h,5.2489
775,4-6h,4.4395
775,4-6h,2.6967
775,4-6h,4.0962
775,4-6h,3.6058
775,4-6h,13.2583
775,4-6h,7.1956
775,4-6h,1.7044
775,4-6h,6.69
775,4-6h,7.244
775,4-6h,7.4441
775,4-6h,5.9775
775,4-6h,2.0733
126,0-2h,1.17
126,0-2h,1.7168
126,0-2h,1.1659
126,0-2h,1.3229
126,0-2h,1.6232
126,0-2h,1.3286
126,0-2h,1.6989
126,0-2h,2.929
126,0-2h,2.8152
126,0-2h,1.2968
126,0-2h,2.3921
126,0-2h,1.5949
126,0-2h,1.1393
126,0-2h,1.5891
126,0-2h,2.4443
126,0-2h,3.0225
126,0-2h,2.0219
126,0-2h,1.8905
126,0-2h,1.4094
126,0-2h,1.0508
126,0-2h,1.0372
126,0-2h,2.4511
126,0-2h,0.8589
126,0-2h,0.8262
126,0-2h,1.1155
126,2-4h,1.8684
126,2-4h,3.695
126,2-4h,3.6187
126,2-4h,3.195
126,2-4h,5.2102
126,2-4h,1.6212
126,2-4h,4.8323
126,2-4h,2.2995
126,2-4h,3.9433
126,2-4h,1.658
126,2-4h,4.3674
126,2-4h,4.3173
126,2-4h,4.4142
126,2-4h,3.7989
126,2-4h,4.7763
126,2-4h,2.3138
126,2-4h,2.9196
126,2-4h,1.2801
126,2-4h,1.9805
126,2-4h,2.7827
126,2-4h,6.9067
126,2-4h,4.2134
126,2-4h,1.6708
126,2-4h,1.9239
126,2-4h,4.9523
126,4-6h,4.4439
126,4-6h,6.7074
126,4-6h,6.51
126,4-6h,5.243
126,4-6h,3.4183
126,4-6h,1.5925
126,4-6h,0.9404
126,4-6h,8.0836
126,4-6h,3.7114
126,4-6h,3.4121
126,4-6h,4.5394
126,4-6h,6.0585
126,4-6h,6.7918
126,4-6h,2.7028
126,4-6h,1.4964
126,4-6h,10.8804
126,4-6h,8.8665
126,4-6h,8.2455
126,4-6h,5.5926
126,4-6h,8.9173
126,4-6h,3.1913
126,4-6h,9.5471
126,4-6h,7.1204
126,4-6h,3.4025
126,4-6h,4.342
